pl_name,pl_orbsmax,pl_orbsmaxerr1,pl_orbsmaxerr2,pl_orbsmaxlim,st_rad,st_raderr1,st_raderr2,st_radlim,st_teff,st_tefferr1,st_tefferr2,st_tefflim,type,Teq
Kepler-645 b,0.0442,,,0.0,1.273,0.664,-0.227,0.0,6449.0,173.0,-227.0,0.0,hotter,1526.522647636826
TOI-3919 b,0.0795,0.0014,-0.0016,0.0,1.319,0.052,-0.048,0.0,6100.0,110.0,-110.0,0.0,hotter,1095.914003340199
Kepler-380 c,0.0758,,,0.0,1.191,0.186,-0.186,0.0,6038.0,121.0,-121.0,0.0,hotter,1055.6554506729315
Kepler-410 A b,0.1226,0.0047,-0.0047,0.0,1.42749,0.056457,-0.082478,0.0,6304.0,156.96,-125.63,0.0,hotter,948.7795481750757
HATS-26 b,0.04735,0.00133,-0.00068,0.0,2.04,0.15,-0.11,0.0,6071.0,81.0,-81.0,0.0,hotter,1757.6125006177283
Kepler-105 c,0.07229,0.00081,-0.00081,0.0,1.026,0.025,-0.024,0.0,5933.0,60.0,-60.0,0.0,hotter,985.863355439392
Kepler-342 b,0.1291,,,0.0,1.369,0.228,-0.187,0.0,6297.0,113.0,-126.0,0.0,hotter,904.4407137818037
Kepler-1278 b,0.0419,,,0.0,0.858,0.356,-0.066,0.0,6075.0,150.0,-168.0,0.0,hotter,1212.5250581609719
Kepler-1900 b,0.042,,,0.0,1.041,0.514,-0.097,0.0,6173.0,165.0,-220.0,0.0,hotter,1355.5164873922777
HAT-P-5 b,0.04075,0.00076,-0.00076,0.0,1.167,0.049,-0.049,0.0,5960.0,100.0,-100.0,0.0,hotter,1406.7783922712765
Kepler-1287 b,0.1001,,,0.0,0.929,0.384,-0.079,0.0,6032.0,156.0,-179.0,0.0,hotter,810.5129514009449
Kepler-1824 b,0.4267,,,0.0,1.081,0.171,-0.061,0.0,6002.0,71.0,-89.0,0.0,hot,421.3619589837645
Kepler-359 d,0.372,,,0.0,1.086,0.503,-0.503,0.0,6248.0,250.0,-250.0,0.0,hot,470.8605129302088
Kepler-434 b,0.1143,0.003,-0.003,0.0,1.38,0.13,-0.13,0.0,5977.0,95.0,-95.0,0.0,hotter,916.0253483234276
Kepler-288 d,0.2818,,,0.0,1.068,0.378,-0.167,0.0,5918.0,185.0,-193.0,0.0,hot,508.15698611357135
Kepler-286 c,0.0448,,,0.0,0.908,0.39,-0.074,0.0,5970.0,163.0,-182.0,0.0,hotter,1185.4576844575404
Kepler-722 c,0.4471,,,0.0,0.999,0.324,-0.094,0.0,6077.0,144.0,-199.0,0.0,hot,400.6613530792141
HATS-56 b,0.06043,0.00022,-0.00022,0.0,2.201,0.036,-0.036,0.0,6536.0,31.0,-31.0,0.0,hotter,1739.8170217241866
TOI-1338 b,0.4607,0.0084,-0.0088,0.0,1.331,0.024,-0.026,0.0,6050.0,80.0,-80.0,0.0,hot,453.56872829364903
Kepler-769 b,0.0763,,,0.0,1.009,0.41,-0.096,0.0,6225.0,156.0,-209.0,0.0,hotter,998.4595557204611
Kepler-341 c,0.08,,,0.0,1.024,0.519,-0.519,0.0,6012.0,200.0,-200.0,0.0,hotter,948.7062562898868
Kepler-874 b,0.232,,,0.0,1.03,0.43,-0.43,0.0,6061.0,107.0,-107.0,0.0,hot,563.283087432329
Kepler-1511 b,0.1753,,,0.0,1.685,0.894,-0.468,0.0,6602.0,183.0,-259.0,0.0,hotter,902.8016047584998
Kepler-1468 d,0.1434,,,0.0,0.976,0.404,-0.095,0.0,5973.0,161.0,-193.0,0.0,hot,687.3068237973864
WASP-3 b,0.03151,0.0015,-0.000987,0.0,1.36116,0.072646,-0.068309,0.0,6352.0,103.22,-185.11,0.0,hotter,1841.402314644988
Kepler-1307 b,0.1369,,,0.0,1.065,0.339,-0.145,0.0,6245.0,175.0,-219.0,0.0,hot,768.2690367852412
Kepler-1398 b,0.039,,,0.0,0.981,0.417,-0.092,0.0,6245.0,158.0,-191.0,0.0,hotter,1381.4731570913234
HD 17156 b,0.15,,,0.0,1.47,0.07,-0.09,0.0,6079.0,56.0,-56.0,0.0,hotter,839.3691226693188
Kepler-360 b,0.0436,,,0.0,1.028,0.427,-0.113,0.0,6052.0,162.0,-201.0,0.0,hotter,1296.1642530838806
Kepler-143 b,0.1239,,,0.0,1.037,0.398,-0.126,0.0,6010.0,154.0,-179.0,0.0,hot,766.8951740588674
Kepler-126 b,0.09712,0.00095,-0.00095,0.0,1.395,0.029,-0.029,0.0,6270.0,60.0,-60.0,0.0,hotter,1048.113019114636
Kepler-130 b,0.0799,,,0.0,1.137,0.05,-0.046,0.0,5903.0,70.0,-79.0,0.0,hotter,982.1717393288901
TOI-1052 b,0.09103,0.00062,-0.00063,0.0,1.264,0.033,-0.033,0.0,6146.0,62.0,-62.0,0.0,hotter,1010.1401407412727
Kepler-1182 b,0.0981,,,0.0,0.914,0.267,-0.089,0.0,5911.0,160.0,-195.0,0.0,hot,795.8062788126605
Kepler-312 c,0.1521,,,0.0,1.108,0.162,-0.076,0.0,6173.0,72.0,-132.0,0.0,hot,734.8680365973438
Kepler-385 c,0.1236,,,0.0,1.153,0.671,-0.144,0.0,6308.0,178.0,-246.0,0.0,hotter,849.7768795160321
Kepler-1006 b,0.1464,,,0.0,1.175,0.617,-0.21,0.0,6327.0,301.0,-493.0,0.0,hot,790.5949523859346
Kepler-361 b,0.0838,,,0.0,1.267,0.237,-0.178,0.0,6178.0,111.0,-135.0,0.0,hotter,1059.5513518408895
HATS-3 b,0.0485,0.0004,-0.0006,0.0,1.404,0.03,-0.03,0.0,6351.0,76.0,-76.0,0.0,hotter,1507.1712639022112
Kepler-1812 b,0.0765,,,0.0,1.103,0.358,-0.128,0.0,6174.0,173.0,-260.0,0.0,hotter,1034.026030076288
Kepler-1238 b,0.0546,,,0.0,1.198,0.879,-0.152,0.0,6337.0,161.0,-262.0,0.0,hotter,1309.2530751177785
Kepler-1838 b,0.1063,,,0.0,1.257,0.229,-0.176,0.0,6006.0,106.0,-124.0,0.0,hotter,910.9491653758505
Kepler-908 b,0.0247,,,0.0,1.125,0.186,-0.093,0.0,5992.0,119.0,-119.0,0.0,hotter,1783.640796000144
Kepler-288 b,0.0638,,,0.0,1.068,0.378,-0.167,0.0,5918.0,185.0,-193.0,0.0,hotter,1067.9675468125024
Kepler-111 b,0.0452,,,0.0,1.145,0.254,-0.11,0.0,5906.0,98.0,-127.0,0.0,hotter,1311.096857306908
Kepler-458 c,0.15,,,0.0,1.04,0.35,-0.35,0.0,6081.0,90.0,-90.0,0.0,hot,706.2425041233058
Kepler-1876 b,0.0776,,,0.0,2.166,0.576,-0.947,0.0,6112.0,152.0,-170.0,0.0,hotter,1424.2607920184594
WTS-1 b,0.047,0.001,-0.001,0.0,1.15,0.1,-0.12,0.0,6250.0,200.0,-200.0,0.0,hotter,1363.60258664834
Kepler-1368 b,0.0153,,,0.0,0.961,0.406,-0.086,0.0,5966.0,178.0,-211.0,0.0,hotter,2085.484830873864
Kepler-937 b,0.3214,,,0.0,1.08,0.32,-0.172,0.0,6127.0,192.0,-213.0,0.0,hot,495.38702748264734
EPIC 246851721 b,0.07229,0.00074,-0.00075,0.0,1.586,0.034,-0.033,0.0,6202.0,52.0,-50.0,0.0,hotter,1281.3036073387548
Kepler-33 b,0.0677,0.0014,-0.0014,0.0,1.82,0.14,-0.18,0.0,5904.0,47.0,-47.0,0.0,hotter,1350.1919560491658
WASP-74 b,0.037,0.001,-0.001,0.0,1.64,0.05,-0.05,0.0,5970.0,110.0,-110.0,0.0,hotter,1753.0859169620405
HAT-P-60 b,0.06277,0.00017,-0.00017,0.0,2.197,0.027,-0.02,0.0,6212.0,26.0,-26.0,0.0,hotter,1620.9820997109634
Kepler-36 c,0.1284,,,0.0,1.626,0.019,-0.019,0.0,5911.0,66.0,-66.0,0.0,hotter,927.7832464645466
HAT-P-49 b,0.0438,0.0005,-0.0005,0.0,1.833,0.138,-0.076,0.0,6820.0,52.0,-52.0,0.0,hotter,1945.970981375095
WASP-136 b,0.0661,0.0012,-0.0012,0.0,2.21,0.22,-0.22,0.0,6260.0,100.0,-100.0,0.0,hotter,1596.5317074439452
Kepler-1443 b,0.0368,,,0.0,1.239,0.219,-0.135,0.0,6258.0,112.0,-124.0,0.0,hotter,1601.603873520598
Kepler-297 b,0.228,,,0.0,1.04,0.478,-0.104,0.0,6150.0,151.0,-193.0,0.0,hot,579.3382054705321
Kepler-1516 b,0.0718,,,0.0,0.987,0.272,-0.146,0.0,5914.0,160.0,-178.0,0.0,hotter,967.1313964566683
Kepler-79 d,0.2807,,,0.0,1.037,0.467,-0.098,0.0,6388.0,160.0,-214.0,0.0,hot,541.552901696533
Kepler-1230 b,0.0921,,,0.0,1.115,0.594,-0.134,0.0,6165.0,156.0,-201.0,0.0,hotter,946.1249762707212
Kepler-1510 b,0.3888,,,0.0,1.132,0.638,-0.134,0.0,6286.0,179.0,-239.0,0.0,hot,473.0883677696696
Kepler-132 d,0.1308,,,0.0,1.045,0.186,-0.116,0.0,5921.0,114.0,-117.0,0.0,hot,738.1712766488624
Kepler-945 b,0.2014,,,0.0,1.03,0.378,-0.086,0.0,6108.0,143.0,-226.0,0.0,hot,609.2502491447564
Kepler-810 b,0.055,,,0.0,0.959,0.364,-0.086,0.0,5999.0,163.0,-205.0,0.0,hotter,1104.8787695431408
NGTS-23 b,0.0504,0.012,-0.012,0.0,1.24,0.03,-0.03,0.0,6057.0,64.0,-64.0,0.0,hotter,1325.1375354535533
TOI-4153 b,0.06311,0.00084,-0.00096,0.0,1.605,0.048,-0.046,0.0,6860.0,150.0,-180.0,0.0,hotter,1525.8798985974167
Kepler-1915 b,0.1143,,,0.0,1.056,0.452,-0.124,0.0,6031.0,170.0,-222.0,0.0,hotter,808.5483220936645
Kepler-1916 b,0.2061,,,0.0,1.145,0.621,-0.137,0.0,6215.0,175.0,-234.0,0.0,hot,646.1192618594522
Kepler-154 d,0.148,,,0.0,0.93,0.29,-0.29,0.0,5987.0,83.0,-83.0,0.0,hot,661.9538044806487
OGLE2-TR-L9 b,0.0308,0.0005,-0.0005,0.0,1.53,0.04,-0.04,0.0,6933.0,58.0,-58.0,0.0,hotter,2155.258493188532
Kepler-838 b,0.1266,,,0.0,1.021,0.447,-0.093,0.0,6178.0,155.0,-196.0,0.0,hot,773.8409893283343
Kepler-403 b,0.075,,,0.0,1.06,0.41,-0.41,0.0,6303.0,69.0,-69.0,0.0,hotter,1045.1470904779974
Kepler-1144 b,0.1264,,,0.0,0.855,0.368,-0.076,0.0,5978.0,185.0,-192.0,0.0,hot,685.7617204399935
HATS-52 b,0.02498,0.0004,-0.0004,0.0,1.046,0.058,-0.058,0.0,6010.0,150.0,-150.0,0.0,hotter,1715.3466751677954
Kepler-480 b,0.06,,,0.0,1.168,0.596,-0.14,0.0,6495.0,146.0,-220.0,0.0,hotter,1263.9583387597597
Kepler-374 c,0.0416,,,0.0,0.9,0.361,-0.094,0.0,5975.0,166.0,-168.0,0.0,hotter,1225.801947075191
HAT-P-30 b,0.0419,0.00046,-0.00046,0.0,1.215,0.051,-0.051,0.0,6304.0,88.0,-88.0,0.0,hotter,1497.287296139031
Kepler-128 b,0.12545,0.00206,-0.00206,0.0,1.66,0.038,-0.037,0.0,6081.0,60.0,-60.0,0.0,hotter,975.6667896000203
HD 68988 b,0.07,0.0,0.0,0.0,1.19,0.02,-0.02,0.0,5932.0,23.0,-23.0,0.0,hotter,1078.7813031062512
WASP-101 b,0.05057,0.00085,-0.0009,0.0,1.29,0.04,-0.04,0.0,6380.0,120.0,-120.0,0.0,hotter,1421.270902534193
HATS-65 b,0.04497,0.00033,-0.00033,0.0,1.31,0.027,-0.027,0.0,6277.0,30.0,-30.0,0.0,hotter,1494.287420901645
Kepler-1602 b,0.1008,,,0.0,1.031,0.444,-0.086,0.0,6258.0,157.0,-177.0,0.0,hotter,882.7595675118221
Kepler-1931 b,0.2322,,,0.0,1.402,0.717,-0.312,0.0,6478.0,157.0,-202.0,0.0,hot,702.0881623479125
Kepler-1584 b,0.1187,,,0.0,1.171,0.61,-0.146,0.0,6418.0,152.0,-247.0,0.0,hotter,889.120469244901
Kepler-300 b,0.0926,,,0.0,0.881,0.26,-0.081,0.0,5968.0,161.0,-179.0,0.0,hotter,811.9309248784652
Kepler-1457 b,0.2668,,,0.0,0.881,0.246,-0.077,0.0,5968.0,143.0,-178.0,0.0,hot,478.33445404059114
Kepler-1051 b,0.18395,0.00111,-0.00111,0.0,1.405,0.036,-0.035,0.0,6417.0,60.0,-60.0,0.0,hot,782.2185541382394
Kepler-431 d,0.1054,,,0.0,1.682,0.756,-0.56,0.0,6293.0,158.0,-181.0,0.0,hotter,1108.8127977747406
Kepler-422 b,0.082,0.011,-0.01,0.0,1.24,0.12,-0.12,0.0,5972.0,84.0,-84.0,0.0,hotter,1024.3102609950045
Kepler-1713 b,0.14185,0.00116,-0.00116,0.0,1.432,0.03,-0.03,0.0,6302.0,60.0,-60.0,0.0,hotter,883.1674322129061
Kepler-873 b,0.1568,,,0.0,1.137,0.6,-0.131,0.0,6343.0,153.0,-237.0,0.0,hot,753.3724290230906
Kepler-982 b,0.1287,,,0.0,1.614,0.806,-0.495,0.0,6260.0,190.0,-230.0,0.0,hotter,977.7878418145294
Kepler-355 c,0.176,,,0.0,1.03,0.3,-0.3,0.0,5929.0,200.0,-200.0,0.0,hot,632.6325547894751
Kepler-881 b,0.0546,,,0.0,1.033,0.452,-0.087,0.0,6210.0,166.0,-192.0,0.0,hotter,1191.3880712282705
Kepler-616 b,0.0927,,,0.0,0.977,0.385,-0.087,0.0,6004.0,158.0,-197.0,0.0,hotter,859.717775291405
Kepler-216 b,0.0785,,,0.0,1.031,0.461,-0.096,0.0,6277.0,153.0,-197.0,0.0,hotter,1003.3545876610252
Kepler-672 b,0.2288,,,0.0,0.971,0.386,-0.086,0.0,5957.0,162.0,-206.0,0.0,hot,541.2738086707325
Kepler-1054 b,0.05542,0.00036,-0.00036,0.0,1.386,0.042,-0.041,0.0,5909.0,60.0,-60.0,0.0,hotter,1303.3772978877885
Kepler-276 b,0.1181,,,0.0,1.026,0.449,-0.097,0.0,6102.0,157.0,-224.0,0.0,hot,793.2840872488138
Kepler-1922 b,0.1077,,,0.0,0.863,0.231,-0.077,0.0,5931.0,161.0,-178.0,0.0,hot,740.514007597344
WASP-100 b,0.04574,0.00093,-0.001,0.0,2.0,0.3,-0.3,0.0,6900.0,120.0,-120.0,0.0,hotter,2012.4440560956343
Kepler-323 b,0.029,,,0.0,1.4,0.53,-0.53,0.0,6255.0,83.0,-83.0,0.0,hotter,1916.9030162430893
Kepler-1787 b,0.227,,,0.0,0.925,0.319,-0.082,0.0,6060.0,145.0,-177.0,0.0,hot,539.5582901971273
HAT-P-8 b,0.0487,0.0026,-0.0026,0.0,1.58,0.08,,0.0,6200.0,80.0,,0.0,hotter,1557.6273354584187
Kepler-365 c,0.1351,,,0.0,1.03,0.438,-0.11,0.0,6011.0,161.0,-201.0,0.0,hot,732.0579707226432
Kepler-182 b,0.0949,,,0.0,1.092,0.365,-0.122,0.0,6246.0,167.0,-223.0,0.0,hotter,934.5187097424598
Kepler-392 b,0.05721,0.00051,-0.00051,0.0,1.141,0.028,-0.027,0.0,5951.0,60.0,-60.0,0.0,hotter,1172.207798704496
KELT-24 b,0.06969,0.00087,-0.00096,0.0,1.506,0.022,-0.022,0.0,6509.0,50.0,-49.0,0.0,hotter,1334.5945070532853
Kepler-1911 b,0.067,,,0.0,1.683,0.754,-0.569,0.0,6237.0,188.0,-235.0,0.0,hotter,1378.7585179331231
Kepler-529 b,0.032,,,0.0,1.04,0.3,-0.3,0.0,6278.0,73.0,-73.0,0.0,hotter,1578.5952790922465
Kepler-1667 b,0.386,,,0.0,1.401,0.798,-0.331,0.0,6190.0,158.0,-178.0,0.0,hot,520.1443341574494
TOI-4791 b,0.0555,0.0011,-0.0012,0.0,1.409,0.039,-0.038,0.0,6058.0,99.0,-94.0,0.0,hotter,1346.3131316171741
HAT-P-58 b,0.04994,0.00044,-0.00044,0.0,1.53,0.034,-0.034,0.0,6078.0,48.0,-48.0,0.0,hotter,1483.8498255387428
Kepler-1486 b,0.2898,,,0.0,1.066,0.548,-0.111,0.0,6112.0,165.0,-233.0,0.0,hot,517.0357406137102
Kepler-109 c,0.1521,,,0.0,1.323,0.037,-0.037,0.0,5952.0,75.0,-75.0,0.0,hot,774.2586133611217
WASP-92 b,0.0348,0.00036,-0.00036,0.0,1.341,0.058,-0.058,0.0,6280.0,120.0,-120.0,0.0,hotter,1719.4605593771805
HD 10180 c,0.06412,0.00101,-0.00101,0.0,1.109,0.036,-0.036,0.0,5911.0,19.0,-19.0,0.0,hotter,1084.2708530899586
Kepler-355 b,0.1003,,,0.0,1.038,0.532,-0.099,0.0,6184.0,173.0,-238.0,0.0,hotter,877.4563050453881
Kepler-50 b,0.082,,,0.0,1.88,0.26,-0.26,0.0,6058.0,52.0,-52.0,0.0,hotter,1279.4080391158807
Kepler-1937 b,0.0915,0.00098,-0.00098,0.0,1.095,0.032,-0.031,0.0,5970.0,60.0,-60.0,0.0,hotter,910.9166734978974
Kepler-145 b,0.17308,0.00276,-0.00276,0.0,1.871,0.048,-0.047,0.0,6110.0,60.0,-60.0,0.0,hotter,886.0586477456918
Kepler-1115 b,0.2134,,,0.0,2.286,1.079,-0.578,0.0,9565.0,295.0,-401.0,0.0,hotter,1380.809249903389
Kepler-618 b,0.0468,,,0.0,1.011,0.465,-0.095,0.0,6108.0,152.0,-200.0,0.0,hotter,1252.159023314113
Kepler-217 c,0.09057,0.00053,-0.00053,0.0,1.754,0.046,-0.045,0.0,6554.0,60.0,-60.0,0.0,hotter,1272.145703561695
Kepler-1518 c,0.0905,,,0.0,1.345,0.382,-0.313,0.0,6432.0,155.0,-214.0,0.0,hotter,1093.6810723909643
TOI-5027 b,0.093,0.005,-0.004,0.0,0.92,0.04,-0.04,0.0,5909.0,145.0,-144.0,0.0,hotter,819.7364321839021
WASP-61 b,0.0514,0.0009,-0.0009,0.0,1.36,0.03,,0.0,6320.0,140.0,,0.0,hotter,1433.8799129056247
Kepler-289 d,0.33,0.02,-0.02,0.0,1.0,0.02,-0.02,0.0,5990.0,38.0,-38.0,0.0,hot,459.9150911570856
HD 77946 b,0.073,0.001,-0.01,0.0,1.3174,0.0249,-0.0142,0.0,6007.0,83.0,-88.0,0.0,hotter,1125.544938360138
Kepler-1586 b,0.13,,,0.0,2.106,0.637,-0.908,0.0,6245.0,180.0,-202.0,0.0,hotter,1108.6584151441511
Kepler-117 b,0.14623,0.0018,-0.0018,0.0,1.568,0.056,-0.054,0.0,6085.0,60.0,-60.0,0.0,hotter,878.8670441778318
Kepler-1349 b,0.0338,,,0.0,1.36,0.05,-0.08,0.0,5998.0,57.0,-57.0,0.0,hotter,1678.1291187383413
KOI-2513.01,0.1412,,,0.0,1.036,0.464,-0.108,0.0,6347.0,167.0,-222.0,0.0,hot,758.2961229081855
Kepler-1249 b,0.167,,,0.0,0.967,0.344,-0.091,0.0,6091.0,156.0,-201.0,0.0,hot,646.4745146815094
TOI-1408 c,0.03587,8e-05,-8e-05,0.0,1.53,0.02,-0.02,0.0,6117.0,31.0,-31.0,0.0,hotter,1762.0828138343072
Kepler-84 f,0.2465,,,0.0,1.022,0.41,-0.115,0.0,6028.0,161.0,-196.0,0.0,hot,541.3748015785006
Kepler-347 b,0.1097,,,0.0,0.998,0.385,-0.094,0.0,6092.0,144.0,-198.0,0.0,hotter,810.4564059890089
HAT-P-23 b,0.0232,0.00024,-0.00024,0.0,1.203,0.074,-0.074,0.0,5905.0,80.0,-80.0,0.0,hotter,1875.4976788725933
Kepler-1093 b,0.1685,,,0.0,1.262,0.532,-0.242,0.0,6429.0,190.0,-242.0,0.0,hot,776.0343738727768
Kepler-1106 b,0.0229,,,0.0,0.955,0.344,-0.089,0.0,6231.0,155.0,-200.0,0.0,hotter,1774.8003418862402
HAT-P-29 b,0.06669,0.00084,-0.00086,0.0,1.224,0.13,-0.075,0.0,6087.0,88.0,-88.0,0.0,hotter,1150.1949587560086
Kepler-1572 b,0.0614,,,0.0,1.392,0.708,-0.345,0.0,6157.0,194.0,-221.0,0.0,hotter,1293.041290860848
Kepler-277 c,0.2095,,,0.0,1.692,0.42,-0.363,0.0,5941.0,121.0,-113.0,0.0,hot,744.6900066957593
Kepler-1422 b,0.1505,,,0.0,1.298,0.606,-0.224,0.0,6616.0,161.0,-323.0,0.0,hotter,856.9833823116901
KOI-351 c,0.0821,,,0.0,1.054,0.408,-0.141,0.0,6238.0,195.0,-227.0,0.0,hotter,985.8297162570336
HATS-39 b,0.06007,0.00058,-0.00058,0.0,1.621,0.085,-0.085,0.0,6572.0,83.0,-83.0,0.0,hotter,1505.8026393864075
Kepler-890 b,0.2948,,,0.0,1.154,0.746,-0.132,0.0,6244.0,151.0,-241.0,0.0,hot,544.8912915086412
Kepler-1293 b,0.065,,,0.0,1.155,0.715,-0.128,0.0,6528.0,161.0,-214.0,0.0,hotter,1213.73050514979
Kepler-31 d,0.39,,,0.0,1.306,0.302,-0.302,0.0,6034.0,168.0,-168.0,0.0,hot,487.02628245637254
Kepler-1181 b,0.0621,,,0.0,1.319,0.999,-0.205,0.0,6680.0,177.0,-299.0,0.0,hotter,1357.8783625095293
Kepler-529 c,0.1065,,,0.0,0.886,0.34,-0.065,0.0,6248.0,154.0,-184.0,0.0,hot,794.8604454105571
Kepler-1818 b,0.055,,,0.0,1.129,0.504,-0.158,0.0,6047.0,153.0,-186.0,0.0,hotter,1208.4074737997296
Kepler-534 c,0.0761,,,0.0,0.965,0.147,-0.045,0.0,5936.0,102.0,-131.0,0.0,hotter,932.3372334624005
WASP-88 b,0.06438,0.00073,-0.00074,0.0,2.08,0.12,-0.06,0.0,6430.0,130.0,-130.0,0.0,hotter,1612.0368381856267
Kepler-1732 b,0.2015,,,0.0,0.973,0.419,-0.09,0.0,6000.0,158.0,-193.0,0.0,hot,581.5378052911133
HAT-P-57 b,0.0406,0.0011,-0.0011,0.0,1.5,0.05,-0.05,0.0,7500.0,250.0,-250.0,0.0,hotter,2010.720399193895
HD 28109 b,0.1357,0.0034,-0.0034,0.0,1.446,0.035,-0.035,0.0,6120.0,50.0,-50.0,0.0,hotter,881.1573184823876
K2-278 b,0.0488,0.0009,-0.0009,0.0,1.61,0.05,-0.05,0.0,6747.0,383.0,-383.0,0.0,hotter,1709.312800754319
Kepler-744 b,0.1049,,,0.0,1.592,0.711,-0.504,0.0,5957.0,169.0,-181.0,0.0,hotter,1023.5738816213169
TOI-5153 b,0.158,0.006,-0.006,0.0,1.4,0.04,-0.04,0.0,6300.0,80.0,-80.0,0.0,hotter,827.149157340298
Kepler-318 b,0.0566,,,0.0,1.47,0.717,-0.384,0.0,5903.0,165.0,-180.0,0.0,hotter,1326.8781509323555
Kepler-1381 b,0.1728,,,0.0,0.994,0.374,-0.092,0.0,6137.0,148.0,-202.0,0.0,hot,649.2100798988588
Kepler-132 e,0.4393,,,0.0,1.101,0.157,-0.173,0.0,5931.0,107.0,-118.0,0.0,hot,414.1415358125607
WASP-94 B b,0.0335,0.0006,-0.0005,0.0,1.35,0.12,-0.12,0.0,6040.0,90.0,-90.0,0.0,hotter,1691.177636983282
Kepler-1204 b,0.385,,,0.0,1.07,0.47,-0.47,0.0,6065.0,125.0,-125.0,0.0,hot,445.96434398229303
Kepler-203 c,0.06,,,0.0,0.91,0.63,-0.63,0.0,5924.0,94.0,-94.0,0.0,hotter,1017.5785147019773
HD 213885 b,0.02012,0.00015,-0.00012,0.0,1.1011,0.008,-0.0075,0.0,5978.0,50.0,-50.0,0.0,hotter,1950.577056951244
WASP-68 b,0.06219,0.00049,-0.00051,0.0,1.69,0.11,-0.06,0.0,5910.0,60.0,-60.0,0.0,hotter,1358.8714138120656
Kepler-893 b,0.0699,,,0.0,1.03,0.495,-0.093,0.0,6108.0,163.0,-230.0,0.0,hotter,1034.1579161580203
Kepler-941 b,0.1311,,,0.0,0.969,0.386,-0.103,0.0,6018.0,177.0,-211.0,0.0,hot,721.6398937744999
WASP-171 b,0.0504,0.00083,-0.00083,0.0,1.637,0.091,-0.046,0.0,5965.0,100.0,-100.0,0.0,hotter,1499.4339066812393
TOI-778 b,0.06,0.003,-0.003,0.0,1.71,0.05,-0.05,0.0,6643.0,150.0,-150.0,0.0,hotter,1564.2079551800202
Kepler-1154 c,0.0837,,,0.0,1.022,0.378,-0.093,0.0,6163.0,155.0,-199.0,0.0,hotter,949.8667695970577
Kepler-79 e,0.39,,,0.0,1.403,0.252,-0.252,0.0,6189.0,100.0,-100.0,0.0,hot,517.755621028416
WASP-24 b,0.03635,0.00079,-0.00079,0.0,1.317,0.041,-0.041,0.0,6107.0,77.0,-77.0,0.0,hotter,1621.348625434007
Kepler-1494 b,0.3982,,,0.0,1.008,0.417,-0.111,0.0,5915.0,178.0,-208.0,0.0,hot,415.0899275081848
Kepler-433 b,0.0679,0.0027,-0.0027,0.0,2.26,0.25,-0.25,0.0,6360.0,140.0,-140.0,0.0,hotter,1618.393985980761
Kepler-1431 b,0.064,,,0.0,1.0,0.45,-0.45,0.0,5969.0,133.0,-133.0,0.0,hotter,1040.6852512728742
Kepler-1272 b,0.272,,,0.0,1.12,0.52,-0.52,0.0,6057.0,123.0,-123.0,0.0,hot,542.113148439955
K2-75 b,0.081,0.0014,-0.0014,0.0,1.56,0.15,-0.15,0.0,5995.0,94.0,-94.0,0.0,hotter,1160.4242208571009
Kepler-1738 b,0.0781,,,0.0,1.001,0.318,-0.106,0.0,6063.0,190.0,-232.0,0.0,hotter,957.3856151558614
Kepler-714 b,0.0832,,,0.0,1.076,0.353,-0.118,0.0,6214.0,174.0,-217.0,0.0,hotter,985.6518224904231
Kepler-1211 b,0.099,,,0.0,0.95,0.46,-0.46,0.0,6054.0,112.0,-112.0,0.0,hotter,827.1693426264584
Kepler-1769 b,0.406,,,0.0,1.17,0.47,-0.47,0.0,6278.0,71.0,-71.0,0.0,hot,470.066209533646
Kepler-1578 b,0.0252,,,0.0,1.023,0.322,-0.138,0.0,6046.0,189.0,-210.0,0.0,hotter,1699.0787063304363
TOI-1744.01,0.164086,0.007321,-0.00801,0.0,1.14,0.05,-0.05,0.0,6179.0,125.0,-125.0,0.0,hot,718.3608648534049
KELT-10 b,0.0525,0.00086,-0.00097,0.0,1.209,0.047,-0.035,0.0,5948.0,74.0,-74.0,0.0,hotter,1258.9609699408777
Kepler-1370 c,0.08084,0.00033,-0.00033,0.0,1.466,0.039,-0.038,0.0,6190.0,60.0,-60.0,0.0,hotter,1162.6588174228173
Kepler-122 b,0.064,,,0.0,1.216,0.239,-0.239,0.0,6050.0,137.0,-137.0,0.0,hotter,1163.1614038762366
Kepler-164 e,0.41214,0.00432,-0.00432,0.0,1.022,0.028,-0.028,0.0,5923.0,60.0,-60.0,0.0,hot,411.3889336315675
Kepler-416 c,0.1038,,,0.0,1.075,0.431,-0.144,0.0,5977.0,177.0,-213.0,0.0,hotter,848.3921062538676
HAT-P-67 b,0.06505,0.00273,-0.00079,0.0,2.546,0.099,-0.084,0.0,6406.0,65.0,-61.0,0.0,hotter,1767.6663368438178
KOI-351 e,0.416,,,0.0,1.07,0.46,-0.46,0.0,6330.0,86.0,-86.0,0.0,hot,447.77180256573916
Kepler-122 c,0.1051,,,0.0,1.191,0.189,-0.189,0.0,6038.0,121.0,-121.0,0.0,hotter,896.510621428888
Kepler-1025 b,0.228,,,0.0,1.06,0.41,-0.41,0.0,6290.0,75.0,-75.0,0.0,hot,598.1966304735499
HAT-P-7 b,0.0376,,,0.0,1.952,0.099,-0.11,0.0,6440.0,76.0,-89.0,0.0,hotter,2046.631524776266
Kepler-59 b,0.104,,,0.0,1.006,0.312,-0.111,0.0,6296.0,169.0,-207.0,0.0,hotter,863.6839475972312
Kepler-1921 c,0.0454,,,0.0,2.0,0.665,-0.793,0.0,6120.0,185.0,-221.0,0.0,hotter,1791.6216481312906
HD 22946 d,0.2958,0.0044,-0.0042,0.0,1.117,0.009,-0.009,0.0,6169.0,64.0,-64.0,0.0,hot,528.7496340413165
Kepler-1102 b,0.2731,,,0.0,1.119,0.532,-0.147,0.0,6119.0,151.0,-195.0,0.0,hot,546.3141562427568
Kepler-24 c,0.10612,0.00115,-0.00115,0.0,1.084,0.041,-0.04,0.0,6022.0,60.0,-60.0,0.0,hotter,848.9157271189513
Kepler-5 b,0.05064,0.0007,-0.0007,0.0,1.793,0.043,-0.062,0.0,6297.0,60.0,-60.0,0.0,hotter,1652.6648769622454
Kepler-1100 b,0.0689,,,0.0,0.989,0.433,-0.091,0.0,6201.0,153.0,-191.0,0.0,hotter,1036.234563446741
Kepler-7 b,0.06224,0.00109,-0.00084,0.0,1.843,0.048,-0.066,0.0,5933.0,44.0,-44.0,0.0,hotter,1424.0001392963745
Kepler-328 b,0.2199,,,0.0,1.069,0.323,-0.129,0.0,6194.0,196.0,-295.0,0.0,hot,602.3587824392837
Kepler-1620 b,0.4322,,,0.0,1.054,0.489,-0.113,0.0,6210.0,163.0,-206.0,0.0,hot,427.73750530701955
MASCARA-4 b,0.047,0.004,-0.004,0.0,1.92,0.11,-0.11,0.0,7800.0,200.0,-200.0,0.0,hotter,2198.892995773098
Kepler-140 b,0.0443,,,0.0,1.089,0.174,-0.094,0.0,5945.0,106.0,-130.0,0.0,hotter,1300.0849880030792
WASP-184 b,0.0627,0.0012,-0.0012,0.0,1.65,0.09,-0.09,0.0,6000.0,100.0,-100.0,0.0,hotter,1357.5857161572956
Kepler-279 d,0.2901,,,0.0,1.067,0.426,-0.102,0.0,6781.0,157.0,-230.0,0.0,hot,573.6009969862381
Kepler-464 b,0.077,,,0.0,1.27,0.17,-0.17,0.0,5919.0,50.0,-50.0,0.0,hotter,1060.2606553215678
TOI-4137 b,0.05222,0.00089,-0.00096,0.0,1.438,0.039,-0.038,0.0,6202.0,94.0,-90.0,0.0,hotter,1435.491347174011
Kepler-282 d,0.1648,,,0.0,0.887,0.361,-0.07,0.0,6102.0,163.0,-178.0,0.0,hot,624.4004643579354
Kepler-336 b,0.0307,,,0.0,0.865,0.373,-0.068,0.0,6029.0,153.0,-165.0,0.0,hotter,1411.5359959661653
TOI-6016 b,0.055,0.002,-0.002,0.0,1.51,0.03,-0.03,0.0,6110.0,50.0,-50.0,0.0,hotter,1412.0697418631812
Kepler-193 b,0.1058,,,0.0,1.137,0.618,-0.13,0.0,6343.0,152.0,-244.0,0.0,hotter,917.1490440281102
TOI-4495.01,0.061732577,,,0.0,1.34,,,0.0,6156.0,,,0.0,hotter,1265.0323008958455
Kepler-981 b,0.0535,,,0.0,0.934,0.351,-0.084,0.0,5988.0,149.0,-187.0,0.0,hotter,1103.5350881501745
WASP-87 b,0.02946,0.00075,-0.00075,0.0,1.627,0.062,-0.062,0.0,6450.0,120.0,-120.0,0.0,hotter,2114.1944463875147
Kepler-987 b,0.442,,,0.0,0.93,0.42,-0.42,0.0,5993.0,108.0,-108.0,0.0,hot,383.42676475215524
Kepler-168 b,0.0543,,,0.0,1.119,0.621,-0.124,0.0,6251.0,170.0,-208.0,0.0,hotter,1251.6198298278925
Kepler-1488 c,0.0656,,,0.0,1.135,0.472,-0.17,0.0,6035.0,150.0,-176.0,0.0,hotter,1107.2127885492678
Kepler-457 d,0.0996,,,0.0,1.242,0.38,-0.205,0.0,6474.0,159.0,-250.0,0.0,hotter,1008.3507638109867
Kepler-502 b,0.0532,,,0.0,1.031,0.451,-0.092,0.0,6225.0,156.0,-203.0,0.0,hotter,1208.7060059679795
K2-79 b,0.0987,0.0012,-0.0012,0.0,1.28,0.12,-0.12,0.0,5926.0,86.0,-86.0,0.0,hotter,941.2735681506836
Kepler-1502 b,0.2482,,,0.0,1.155,0.543,-0.139,0.0,6446.0,154.0,-234.0,0.0,hot,613.3215330159894
TOI-6038 A b,0.069,0.0012,-0.0011,0.0,1.648,0.045,-0.035,0.0,6110.0,100.0,-100.0,0.0,hotter,1317.0524676810294
Kepler-910 b,0.0376,,,0.0,1.506,0.035,-0.035,0.0,6173.0,93.0,-93.0,0.0,hotter,1723.1482696364476
Kepler-381 b,0.0672,,,0.0,2.058,0.722,-0.781,0.0,6550.0,185.0,-247.0,0.0,hotter,1598.7742928752318
Kepler-1884 b,0.0845,,,0.0,0.906,0.379,-0.076,0.0,5984.0,171.0,-187.0,0.0,hotter,864.2415401802655
Kepler-1015 b,0.1396,,,0.0,1.904,0.388,-0.534,0.0,6384.0,70.0,-89.0,0.0,hotter,1039.8996907430349
Kepler-228 b,0.0374,,,0.0,0.972,0.414,-0.09,0.0,6046.0,163.0,-217.0,0.0,hotter,1359.4814374060168
Kepler-1407 b,0.1502,,,0.0,1.513,0.256,-0.313,0.0,5902.0,70.0,-79.0,0.0,hotter,826.2120232830889
K2-166 b,0.0858,0.001,-0.0009,0.0,1.61,0.04,-0.04,0.0,5960.0,52.0,-53.0,0.0,hotter,1138.7368154710418
Kepler-750 b,0.091,,,0.0,1.02,0.3,-0.3,0.0,6243.0,200.0,-200.0,0.0,hotter,921.8930320957975
Kepler-400 b,0.0869,,,0.0,1.146,0.633,-0.15,0.0,6099.0,146.0,-190.0,0.0,hotter,976.8971931487187
Kepler-275 d,0.2178,,,0.0,1.33,0.225,-0.225,0.0,6157.0,123.0,-123.0,0.0,hot,671.0793020781007
Kepler-164 d,0.18695,0.00197,-0.00197,0.0,1.022,0.028,-0.028,0.0,5923.0,60.0,-60.0,0.0,hot,610.8186005093693
Kepler-1344 b,0.057,,,0.0,1.13,0.3,-0.3,0.0,5986.0,200.0,-200.0,0.0,hotter,1175.5640982387952
Kepler-1156 b,0.1025,,,0.0,0.945,0.382,-0.086,0.0,6061.0,145.0,-181.0,0.0,hotter,811.7196574007189
Kepler-122 d,0.1533,,,0.0,0.949,0.327,-0.088,0.0,6103.0,143.0,-186.0,0.0,hot,669.750746851885
KOI-351 f,0.484,,,0.0,1.054,0.408,-0.141,0.0,6238.0,195.0,-227.0,0.0,hot,406.0231562175946
Kepler-1433 b,0.0523,,,0.0,1.045,0.528,-0.094,0.0,6164.0,159.0,-201.0,0.0,hotter,1215.283883844859
Kepler-885 b,0.1432,,,0.0,1.36,0.244,-0.199,0.0,6109.0,110.0,-134.0,0.0,hotter,830.3780835202961
Kepler-1597 b,0.0427,,,0.0,1.173,0.56,-0.143,0.0,6484.0,155.0,-225.0,0.0,hotter,1498.9456376466749
Kepler-291 b,0.0469,,,0.0,0.986,0.302,-0.101,0.0,5993.0,190.0,-232.0,0.0,hotter,1212.0041911493554
CoRoT-35 b,0.0429,0.00092,-0.00092,0.0,1.65,0.1,-0.11,0.0,6390.0,130.0,-130.0,0.0,hotter,1747.9217722310673
K2-243 b,0.1087,0.0014,-0.0014,0.0,1.39,0.03,-0.03,0.0,6570.0,269.0,-171.0,0.0,hotter,1036.253010996472
WASP-169 b,0.0681,0.0014,-0.0014,0.0,2.011,0.188,-0.089,0.0,6110.0,101.0,-101.0,0.0,hotter,1464.4734325126944
Kepler-918 b,0.0571,,,0.0,0.97,0.403,-0.091,0.0,6061.0,161.0,-208.0,0.0,hotter,1101.8434767446538
Kepler-1696 b,0.3245,,,0.0,0.96,0.345,-0.09,0.0,5982.0,161.0,-205.0,0.0,hot,453.8187993434271
TOI-3837 b,0.099,0.006,-0.005,0.0,1.2,0.06,-0.05,0.0,5905.0,157.0,-155.0,0.0,hotter,906.777500261299
Kepler-282 e,0.252,,,0.0,0.99,0.38,-0.38,0.0,6144.0,95.0,-95.0,0.0,hot,537.1262059409071
K2-63 b,0.1627,0.0097,-0.0097,0.0,1.63,0.48,-0.48,0.0,6771.0,303.0,-303.0,0.0,hotter,945.2803875691428
Kepler-348 b,0.0778,,,0.0,1.402,0.267,-0.178,0.0,6388.0,115.0,-140.0,0.0,hotter,1196.0708981866708
Kepler-450 d,0.0825,,,0.0,1.57,0.085,-0.085,0.0,6215.0,89.0,-89.0,0.0,hotter,1195.8364660378893
TrES-4 b,0.0502,0.001,-0.001,0.0,1.834,0.087,-0.087,0.0,6200.0,75.0,-75.0,0.0,hotter,1652.9027583670377
Kepler-1297 b,0.0275,,,0.0,1.035,0.4,-0.126,0.0,6214.0,169.0,-197.0,0.0,hotter,1681.4458463486199
Kepler-372 c,0.154,,,0.0,1.137,0.488,-0.488,0.0,6509.0,200.0,-200.0,0.0,hot,780.0850435048894
Kepler-1346 b,0.044,,,0.0,0.906,0.373,-0.075,0.0,6177.0,165.0,-186.0,0.0,hotter,1236.298008791225
Kepler-116 c,0.1153,,,0.0,1.173,0.768,-0.136,0.0,6484.0,166.0,-218.0,0.0,hotter,912.1897048786931
NGTS-20 b,0.313,0.013,-0.013,0.0,1.78,0.05,-0.05,0.0,5980.0,80.0,-80.0,0.0,hot,628.9944656113169
HR 858 c,0.0687,0.00092,-0.00092,0.0,1.258,0.019,-0.019,0.0,6354.0,70.0,-70.0,0.0,hotter,1199.2700013749147
Kepler-1675 b,0.313,,,0.0,0.97,0.4,-0.4,0.0,6000.0,99.0,,0.0,hot,465.87859448329544
Kepler-394 b,0.083,,,0.0,1.132,0.58,-0.58,0.0,6402.0,200.0,-200.0,0.0,hotter,1042.8159013484315
Kepler-173 b,0.0476,,,0.0,0.935,0.373,-0.148,0.0,6032.0,176.0,-158.0,0.0,hotter,1179.1565554312972
Kepler-79 b,0.11929,0.00111,-0.00111,0.0,1.316,0.038,-0.037,0.0,6389.0,60.0,-60.0,0.0,hotter,935.9801130701617
Kepler-1468 b,0.0805,,,0.0,0.976,0.404,-0.095,0.0,5973.0,161.0,-193.0,0.0,hotter,917.3335791561204
K2-34 b,0.0442,0.002,-0.002,0.0,1.42,0.06,-0.05,0.0,6168.0,46.0,-76.0,0.0,hotter,1542.0029706807184
Kepler-136 c,0.134,,,0.0,1.21,0.11,-0.11,0.0,6158.0,58.0,-58.0,0.0,hotter,816.183439034651
TOI-1859 b,0.337,0.044,-0.036,0.0,1.36,0.1,-0.12,0.0,6341.0,68.0,-70.0,0.0,hot,561.8495854497525
Kepler-677 b,0.069,,,0.0,1.04,0.47,-0.47,0.0,6014.0,102.0,-102.0,0.0,hotter,1029.8248229479143
Kepler-132 b,0.0641,,,0.0,1.045,0.186,-0.116,0.0,5921.0,114.0,-117.0,0.0,hotter,1054.4645878304495
Kepler-1833 b,0.0771,,,0.0,1.446,0.248,-0.203,0.0,6164.0,110.0,-135.0,0.0,hotter,1177.4091196511579
WASP-38 b,0.07522,0.00074,-0.00075,0.0,1.331,0.03,,0.0,6150.0,80.0,,0.0,hotter,1141.0516065989852
Kepler-485 b,0.0443,,,0.0,1.029,0.465,-0.093,0.0,6109.0,162.0,-210.0,0.0,hotter,1298.6249938762926
HD 13908 b,0.154,0.0025,-0.0025,0.0,1.67,0.1,-0.1,0.0,6255.0,66.0,-66.0,0.0,hotter,908.5168720894037
Kepler-529 d,0.2134,,,0.0,1.189,0.197,-0.178,0.0,6078.0,121.0,-133.0,0.0,hot,632.793811606181
Kepler-1193 b,0.0397,,,0.0,1.047,0.456,-0.11,0.0,6072.0,141.0,-181.0,0.0,hotter,1375.3640178230146
Kepler-1714 b,0.1055,,,0.0,2.114,0.042,-0.042,0.0,6174.0,92.0,-92.0,0.0,hotter,1218.9915486678979
K2-290 b,0.0923,0.0066,-0.0066,0.0,1.511,0.075,-0.072,0.0,6302.0,120.0,-120.0,0.0,hotter,1124.6505198254918
Kepler-146 b,0.1931,,,0.0,1.06,0.426,-0.131,0.0,6197.0,161.0,-195.0,0.0,hot,640.3996703921523
Kepler-1857 b,0.0807,,,0.0,1.005,0.347,-0.155,0.0,6074.0,171.0,-173.0,0.0,hotter,945.428867746735
Kepler-175 c,0.209,,,0.0,0.95,0.38,-0.38,0.0,6029.0,109.0,-109.0,0.0,hot,566.9460727624961
Kepler-1875 b,0.2039,,,0.0,0.851,0.344,-0.06,0.0,6150.0,166.0,-181.0,0.0,hot,554.164997003288
Kepler-1472 b,0.2335,,,0.0,1.164,0.558,-0.15,0.0,6425.0,137.0,-258.0,0.0,hot,632.7235329774948
Kepler-187 c,0.095,,,0.0,1.15,0.44,-0.44,0.0,5973.0,105.0,-105.0,0.0,hotter,916.6160132973113
TOI-628 b,0.0486,0.0008,-0.00094,0.0,1.345,0.046,-0.04,0.0,6250.0,220.0,-190.0,0.0,hotter,1450.2097903210913
Kepler-625 b,0.0807,,,0.0,1.072,0.25,-0.051,0.0,6077.0,98.0,-135.0,0.0,hotter,976.9170053274576
Kepler-24 e,0.1378,,,0.0,1.088,0.401,-0.16,0.0,6038.0,164.0,-191.0,0.0,hot,748.3258633655649
Kepler-1226 b,0.135,,,0.0,1.01,0.44,-0.44,0.0,6197.0,88.0,-88.0,0.0,hot,747.6237798244687
Kepler-135 c,0.1054,,,0.0,1.209,0.891,-0.159,0.0,6388.0,141.0,-225.0,0.0,hotter,954.2574523372724
Kepler-402 c,0.0684,,,0.0,1.215,0.684,-0.17,0.0,6522.0,158.0,-206.0,0.0,hotter,1212.407712552678
Kepler-990 b,0.089,,,0.0,0.926,0.372,-0.091,0.0,5953.0,158.0,-175.0,0.0,hotter,846.9429950850175
WASP-31 b,0.04663,0.00034,-0.00034,0.0,1.252,0.033,-0.033,0.0,6300.0,100.0,-100.0,0.0,hotter,1439.8518674230093
Kepler-603 b,0.15,,,0.0,0.92,0.42,-0.42,0.0,5956.0,106.0,-106.0,0.0,hot,650.595089531742
WASP-102 b,0.041,0.001,-0.001,0.0,1.375,0.048,-0.048,0.0,5990.0,100.0,-100.0,0.0,hotter,1530.0092306021675
Kepler-686 b,0.027,,,0.0,0.96,0.46,-0.46,0.0,5973.0,107.0,-107.0,0.0,hotter,1570.9199569803432
KELT-17 b,0.04881,0.00065,-0.00061,0.0,1.645,0.06,-0.055,0.0,7454.0,49.0,-49.0,0.0,hotter,1908.6475692798494
Kepler-826 b,0.0528,,,0.0,1.257,0.197,-0.241,0.0,6060.0,120.0,-132.0,0.0,hotter,1304.1607020166655
XO-7 b,0.04421,0.00062,-0.00062,0.0,1.48,0.022,-0.022,0.0,6250.0,100.0,-100.0,0.0,hotter,1594.991692632285
Kepler-798 b,0.118,,,0.0,1.156,0.604,-0.143,0.0,6428.0,143.0,-255.0,0.0,hotter,887.4044236377662
Kepler-1218 b,0.164,,,0.0,1.22,0.52,-0.52,0.0,6282.0,91.0,-91.0,0.0,hot,755.724898954866
Kepler-616 d,0.2749,,,0.0,0.977,0.385,-0.087,0.0,6004.0,158.0,-197.0,0.0,hot,499.238883587185
Kepler-1239 b,0.0626,,,0.0,1.137,0.692,-0.126,0.0,6343.0,162.0,-270.0,0.0,hotter,1192.327566626096
Kepler-1449 b,0.1176,,,0.0,1.155,0.751,-0.128,0.0,6269.0,154.0,-230.0,0.0,hotter,866.5495656490142
Kepler-530 b,0.2186,,,0.0,1.051,0.356,-0.167,0.0,5957.0,158.0,-161.0,0.0,hot,576.1183220523742
HD 10180 e,0.2699,0.0043,-0.0043,0.0,1.109,0.036,-0.036,0.0,5911.0,19.0,-19.0,0.0,hot,528.485526597405
TOI-6651 b,0.0633,0.00078,-0.00072,0.0,1.721,0.065,-0.062,0.0,5940.0,110.0,-110.0,0.0,hotter,1366.101074612757
Kepler-1375 b,0.0445,,,0.0,1.207,0.749,-0.181,0.0,6277.0,158.0,-206.0,0.0,hotter,1441.8947682217179
Kepler-1569 b,0.064,,,0.0,1.087,0.545,-0.123,0.0,6185.0,155.0,-197.0,0.0,hotter,1124.2743354308743
Kepler-1677 b,0.1634,,,0.0,1.145,0.67,-0.131,0.0,6215.0,153.0,-202.0,0.0,hot,725.647424268952
Kepler-279 c,0.2191,,,0.0,1.067,0.426,-0.102,0.0,6781.0,157.0,-230.0,0.0,hot,660.0283242750787
Kepler-300 c,0.2293,,,0.0,0.881,0.339,-0.068,0.0,5968.0,157.0,-162.0,0.0,hot,515.9677402096761
Kepler-1212 b,0.1082,,,0.0,0.938,0.355,-0.087,0.0,6119.0,158.0,-192.0,0.0,hot,794.6502966036056
Kepler-1201 b,0.1183,,,0.0,1.005,0.373,-0.123,0.0,6136.0,170.0,-196.0,0.0,hot,788.8307236854813
Kepler-1952 b,0.1724,,,0.0,1.305,0.186,-0.205,0.0,5973.0,116.0,-115.0,0.0,hot,724.8313145015258
WASP-168 b,0.0519,0.0008,-0.0008,0.0,1.12,0.06,-0.06,0.0,6000.0,100.0,-100.0,0.0,hotter,1229.3750378148802
Kepler-1473 b,0.116,,,0.0,1.04,0.193,-0.084,0.0,5929.0,111.0,-124.0,0.0,hot,783.0273529110568
Kepler-1163 b,0.0679,,,0.0,1.112,0.533,-0.12,0.0,6444.0,141.0,-204.0,0.0,hotter,1150.2198178568601
WASP-28 b,0.0445,0.0004,-0.0004,0.0,1.123,0.052,-0.052,0.0,6084.0,45.0,-45.0,0.0,hotter,1348.0527473606928
HAT-P-9 b,0.0529,0.0014,-0.0014,0.0,1.339,0.08,-0.08,0.0,6350.0,150.0,-150.0,0.0,hotter,1409.107043027799
Kepler-1676 b,0.1931,,,0.0,0.996,0.391,-0.092,0.0,6122.0,148.0,-188.0,0.0,hot,613.252977382426
WASP-159 b,0.0538,0.0015,-0.0015,0.0,2.11,0.1,-0.1,0.0,6120.0,140.0,-140.0,0.0,hotter,1690.4772082300397
TOI-1601 b,0.06864,0.00079,-0.00075,0.0,2.186,0.074,-0.063,0.0,5948.0,87.0,-89.0,0.0,hotter,1480.5231721541077
Kepler-385 d,0.2967,,,0.0,1.153,0.671,-0.144,0.0,6308.0,178.0,-246.0,0.0,hot,548.4731513011391
Kepler-342 d,0.2412,,,0.0,1.178,0.557,-0.147,0.0,6475.0,144.0,-224.0,0.0,hot,631.1485285903822
Kepler-748 b,0.0745,,,0.0,0.961,0.297,-0.099,0.0,5922.0,184.0,-205.0,0.0,hotter,938.1229668040004
TOI-2842 b,0.0475,0.001,-0.0011,0.0,1.265,0.04,-0.037,0.0,5910.0,100.0,-100.0,0.0,hotter,1345.2213353485145
Kepler-349 c,0.1041,,,0.0,0.911,0.317,-0.074,0.0,5941.0,156.0,-175.0,0.0,hot,775.1775452871486
Kepler-1717 b,0.2101,,,0.0,1.377,0.857,-0.216,0.0,6823.0,176.0,-233.0,0.0,hot,770.4369850216054
TOI-2641 b,0.0607,0.0042,-0.0043,0.0,1.336,0.055,-0.055,0.0,6100.0,100.0,-100.0,0.0,hotter,1262.2533336973627
WASP-117 b,0.09464,0.00082,-0.00082,0.0,1.17,0.067,-0.059,0.0,6040.0,90.0,-90.0,0.0,hotter,936.6995498300765
Kepler-1376 b,0.0598,,,0.0,0.955,0.394,-0.091,0.0,5914.0,168.0,-195.0,0.0,hotter,1042.4139672088554
Kepler-134 c,0.0905,,,0.0,1.054,0.164,-0.12,0.0,5923.0,107.0,-131.0,0.0,hotter,891.5496960961019
Kepler-342 c,0.1837,,,0.0,1.178,0.557,-0.147,0.0,6475.0,144.0,-224.0,0.0,hot,723.2120400198208
TOI-2580 b,0.048,0.003,-0.003,0.0,1.81,0.06,-0.06,0.0,6120.0,30.0,-30.0,0.0,hotter,1657.5929796663152
Kepler-1274 b,0.0799,,,0.0,2.134,0.134,-0.134,0.0,6131.0,75.0,-75.0,0.0,hotter,1397.5358000931817
Kepler-1453 b,0.262,,,0.0,0.965,0.315,-0.087,0.0,5936.0,156.0,-192.0,0.0,hot,502.47529184674124
Kepler-791 b,0.122,,,0.0,1.06,0.42,-0.42,0.0,6321.0,109.0,-109.0,0.0,hotter,821.8009054953513
Kepler-758 b,0.1114,,,0.0,1.351,0.677,-0.244,0.0,6692.0,154.0,-280.0,0.0,hotter,1027.8951554727312
HATS-67 b,0.03032,0.00015,-0.00015,0.0,1.441,0.026,-0.026,0.0,6594.0,33.0,-33.0,0.0,hotter,2005.0450852127815
HD 80653 b,0.01661,0.00019,-0.00019,0.0,1.22,0.01,-0.01,0.0,5959.0,61.0,-61.0,0.0,hotter,2252.5596085823477
Kepler-286 d,0.064,,,0.0,0.908,0.39,-0.074,0.0,5970.0,163.0,-182.0,0.0,hotter,991.8250577332694
Kepler-65 d,0.0858,,,0.0,1.424,0.024,-0.024,0.0,6169.0,50.0,-50.0,0.0,hotter,1108.495485671976
K2-98 b,0.0986,0.002,-0.0029,0.0,1.518,0.082,-0.076,0.0,6260.0,170.0,-160.0,0.0,hotter,1083.3768953088504
Kepler-173 c,0.0725,,,0.0,0.935,0.373,-0.148,0.0,6032.0,176.0,-158.0,0.0,hotter,955.4455517679933
Kepler-1155 b,0.2006,,,0.0,1.094,0.395,-0.168,0.0,5912.0,162.0,-177.0,0.0,hot,608.9553213059588
Kepler-1920 b,0.2048,,,0.0,1.167,0.86,-0.13,0.0,6299.0,146.0,-236.0,0.0,hot,663.2081706712557
Kepler-1949 b,0.0352,,,0.0,1.454,0.251,-0.276,0.0,6028.0,81.0,-81.0,0.0,hotter,1708.8027056462306
TOI-892 b,0.092,0.005,-0.005,0.0,1.39,0.02,-0.02,0.0,6261.0,80.0,-80.0,0.0,hotter,1073.408421043177
WASP-176 b,0.0535,0.001,-0.0019,0.0,1.925,0.047,-0.044,0.0,5941.0,77.0,-79.0,0.0,hotter,1571.830950567511
Kepler-1279 b,0.1785,0.00167,-0.00167,0.0,1.907,0.062,-0.059,0.0,6174.0,60.0,-60.0,0.0,hotter,890.0833338537557
Kepler-1327 b,0.1186,,,0.0,1.116,0.497,-0.152,0.0,6143.0,157.0,-188.0,0.0,hotter,831.147448377732
K2-107 b,0.048,0.005,-0.005,0.0,1.78,0.16,-0.16,0.0,6030.0,120.0,-120.0,0.0,hotter,1619.625114337906
Kepler-1216 b,0.0543,,,0.0,1.012,0.446,-0.091,0.0,6063.0,149.0,-213.0,0.0,hotter,1154.4781494065087
Kepler-922 b,0.0186,,,0.0,0.989,0.387,-0.108,0.0,5902.0,155.0,-168.0,0.0,hotter,1898.2293613800307
TOI-3894 b,0.05539,0.00079,-0.0006,0.0,1.502,0.055,-0.052,0.0,6000.0,110.0,-110.0,0.0,hotter,1378.0924137216966
K2-167 b,0.0999,0.0017,-0.0018,0.0,1.46,0.051,-0.051,0.0,6141.0,92.0,-93.0,0.0,hotter,1035.47731518923
Kepler-1960 b,0.0351,,,0.0,1.035,0.491,-0.09,0.0,6363.0,169.0,-217.0,0.0,hotter,1524.0048451602304
Kepler-1837 b,0.065,,,0.0,0.961,0.399,-0.086,0.0,5966.0,165.0,-194.0,0.0,hotter,1011.8032553585196
Kepler-507 b,0.0475,,,0.0,1.213,0.228,-0.144,0.0,6036.0,98.0,-130.0,0.0,hotter,1345.36657782942
K2-12 b,0.0847,0.0043,-0.0043,0.0,1.31,0.34,-0.34,0.0,6177.0,308.0,-308.0,0.0,hotter,1071.4683619488362
Kepler-1592 b,0.04,,,0.0,0.829,0.32,-0.06,0.0,6020.0,161.0,-168.0,0.0,hotter,1208.7919766032505
Kepler-758 c,0.0597,,,0.0,1.351,0.677,-0.244,0.0,6692.0,154.0,-280.0,0.0,hotter,1404.1200765281733
Kepler-1072 b,0.028,,,0.0,1.07,0.44,-0.44,0.0,6292.0,123.0,-123.0,0.0,hotter,1715.5737597722552
Kepler-1478 b,0.1681,,,0.0,0.835,0.356,-0.058,0.0,6081.0,168.0,-183.0,0.0,hot,597.7811170649677
Kepler-1180 b,0.1246,,,0.0,0.973,0.351,-0.124,0.0,6205.0,182.0,-199.0,0.0,hot,764.7984386254993
Kepler-127 b,0.1242,,,0.0,1.352,0.036,-0.03,0.0,6075.0,122.0,-97.0,0.0,hotter,884.0597902628983
TOI-1670 c,0.249,0.005,-0.005,0.0,1.316,0.019,-0.019,0.0,6170.0,61.0,-61.0,0.0,hot,625.635297355566
Kepler-127 d,0.2799,,,0.0,1.359,0.035,-0.035,0.0,6106.0,106.0,-106.0,0.0,hot,593.4346311739872
Kepler-402 d,0.087,,,0.0,1.264,0.244,-0.244,0.0,6090.0,120.0,-120.0,0.0,hotter,1023.8563098732789
Kepler-1751 b,0.0712,,,0.0,0.967,0.374,-0.101,0.0,6052.0,156.0,-178.0,0.0,hotter,983.7391771649338
Kepler-21 b,0.0434,0.00021,-0.00032,0.0,1.902,0.018,-0.012,0.0,6305.0,50.0,-50.0,0.0,hotter,1840.9978880048102
Kepler-1598 b,0.0527,,,0.0,1.09,0.528,-0.128,0.0,6164.0,156.0,-203.0,0.0,hotter,1236.4551825718884
WASP-18 c,0.035,,,0.0,1.23,,,0.0,6400.0,,,0.0,hotter,1673.4252410175018
Kepler-1864 b,0.0511,,,0.0,1.594,0.807,-0.471,0.0,6130.0,176.0,-229.0,0.0,hotter,1510.0870763970356
Kepler-282 b,0.0852,,,0.0,0.887,0.361,-0.07,0.0,6102.0,163.0,-178.0,0.0,hotter,868.4044168182912
Kepler-431 c,0.0847,,,0.0,1.092,0.191,-0.109,0.0,6004.0,75.0,-75.0,0.0,hotter,950.8633436687286
Kepler-508 b,0.1763,,,0.0,1.292,0.209,-0.209,0.0,5949.0,106.0,-118.0,0.0,hot,710.32463596628
Kepler-1452 b,0.25764,0.00161,-0.00161,0.0,2.066,0.057,-0.055,0.0,6045.0,60.0,-60.0,0.0,hot,755.0272502796071
Kepler-647 b,0.12237,0.00091,-0.00091,0.0,1.45,0.043,-0.042,0.0,5914.0,60.0,-60.0,0.0,hotter,897.9158734213161
TOI-6695 b,0.402,0.002,-0.002,0.0,1.517,0.023,-0.022,0.0,6400.0,100.0,-100.0,0.0,hot,548.3622448691029
Kepler-1736 b,0.225,,,0.0,1.01,0.44,-0.44,0.0,6099.0,101.0,-101.0,0.0,hot,569.9488333494671
Kepler-197 d,0.1185,,,0.0,1.109,0.036,-0.04,0.0,6003.0,96.0,-108.0,0.0,hotter,809.9957666326244
Kepler-1773 b,0.2489,,,0.0,1.3,0.219,-0.128,0.0,6183.0,110.0,-134.0,0.0,hot,623.2557331952095
Kepler-25 b,0.0703,,,0.0,1.309,0.023,-0.023,0.0,6270.0,79.0,-79.0,0.0,hotter,1193.3490986606641
Kepler-1268 b,0.2395,,,0.0,1.147,0.695,-0.135,0.0,6324.0,172.0,-211.0,0.0,hot,610.4198097133569
Kepler-1447 b,0.2919,,,0.0,0.94,0.344,-0.083,0.0,5910.0,176.0,-212.0,0.0,hot,467.78055844232046
Kepler-312 b,0.0305,,,0.0,1.108,0.162,-0.076,0.0,6173.0,72.0,-132.0,0.0,hotter,1641.058433414953
Kepler-758 e,0.0829,0.00104,-0.00104,0.0,1.518,0.058,-0.055,0.0,6360.0,60.0,-60.0,0.0,hotter,1200.3932481399554
Kepler-1435 b,0.057,,,0.0,1.26,0.7,-0.7,0.0,6640.0,91.0,-91.0,0.0,hotter,1376.9676332122033
HAT-P-40 b,0.0608,0.0006,-0.0015,0.0,2.206,0.061,,0.0,6080.0,100.0,,0.0,hotter,1615.3340639591547
HAT-P-24 b,0.04651,0.00055,-0.00056,0.0,1.317,0.068,-0.068,0.0,6373.0,80.0,-80.0,0.0,hotter,1495.7928193459923
Kepler-1104 b,0.0614,,,0.0,1.195,0.93,-0.14,0.0,6452.0,176.0,-213.0,0.0,hotter,1255.4572633663088
Kepler-23 b,0.077,,,0.0,1.87,0.48,-0.48,0.0,6142.0,118.0,-118.0,0.0,hotter,1335.036257487428
Kepler-520 c,0.0613,,,0.0,1.03,0.112,-0.057,0.0,6108.0,83.0,-122.0,0.0,hotter,1104.3206959466143
HR 858 d,0.1027,0.0022,-0.0025,0.0,1.31,0.024,-0.022,0.0,6201.0,50.0,-50.0,0.0,hotter,976.8321956804522
Kepler-1244 b,0.049,,,0.0,1.484,0.714,-0.334,0.0,6728.0,155.0,-210.0,0.0,hotter,1633.0997076953001
NGTS-2 b,0.063,0.0024,-0.003,0.0,1.702,0.047,-0.044,0.0,6478.0,94.0,-89.0,0.0,hotter,1485.1087423626923
WASP-48 b,0.03444,0.00045,-0.00045,0.0,1.75,0.09,,0.0,5920.0,150.0,,0.0,hotter,1861.3025292975258
Kepler-387 b,0.073,,,0.0,1.09,0.43,-0.43,0.0,6314.0,91.0,-91.0,0.0,hotter,1076.1286758460353
TOI-2583 A b,0.0571,0.001,-0.0013,0.0,1.477,0.036,-0.032,0.0,5936.0,65.0,-68.0,0.0,hotter,1331.6003285256966
WASP-99 b,0.0717,0.0016,-0.0016,0.0,1.76,0.11,-0.06,0.0,6180.0,100.0,-100.0,0.0,hotter,1350.4951815141271
Kepler-377 c,0.1723,,,0.0,0.913,0.357,-0.087,0.0,6167.0,162.0,-184.0,0.0,hot,626.1444079706829
CoRoT-13 b,0.05107,0.0003,-0.00031,0.0,1.01,0.03,-0.03,0.0,5945.0,90.0,-90.0,0.0,hotter,1166.1043750059623
HD 25463 c,0.0435,0.0009,-0.0009,0.0,1.41,0.07,-0.07,0.0,6220.0,110.0,-110.0,0.0,hotter,1561.9355885191287
Kepler-268 c,0.3835,,,0.0,1.131,0.649,-0.132,0.0,6322.0,160.0,-218.0,0.0,hot,478.86259827646643
TOI-1751 b,0.215,0.004,-0.004,0.0,1.3137,0.0251,-0.025,0.0,5970.0,86.0,-84.0,0.0,hot,650.8951102077017
Kepler-588 b,0.052,,,0.0,0.987,0.4,-0.091,0.0,6123.0,149.0,-192.0,0.0,hotter,1176.6003460469863
Kepler-683 b,0.0368,,,0.0,0.956,0.402,-0.089,0.0,5996.0,168.0,-199.0,0.0,hotter,1347.9521284126633
Kepler-490 b,0.0453,,,0.0,1.691,0.261,-0.392,0.0,5927.0,80.0,-80.0,0.0,hotter,1597.2225676969854
Kepler-1370 b,0.1495,,,0.0,1.291,0.209,-0.209,0.0,5937.0,71.0,-79.0,0.0,hot,769.5155168420077
Kepler-92 b,0.12232,0.00189,-0.00189,0.0,1.763,0.044,-0.042,0.0,5946.0,60.0,-60.0,0.0,hotter,995.6578740055082
WASP-33 b,0.02555,0.00017,-0.00017,0.0,1.444,0.034,,0.0,7430.0,100.0,,0.0,hotter,2463.682655004824
Kepler-1253 b,0.3094,,,0.0,1.011,0.35,-0.177,0.0,5995.0,155.0,-151.0,0.0,hot,477.9829644050038
Kepler-924 b,0.3101,,,0.0,1.015,0.482,-0.094,0.0,6372.0,158.0,-214.0,0.0,hot,508.470443208336
Kepler-1260 b,0.1305,,,0.0,0.866,0.377,-0.102,0.0,5923.0,175.0,-156.0,0.0,hot,672.981662457547
Kepler-1947 b,0.0711,,,0.0,1.686,0.413,-0.709,0.0,6040.0,201.0,-201.0,0.0,hotter,1297.2949611177064
Kepler-741 b,0.074,,,0.0,1.032,0.517,-0.091,0.0,6319.0,163.0,-210.0,0.0,hotter,1040.8308400142605
CoRoT-19 b,0.0518,0.0008,-0.0008,0.0,1.65,0.04,-0.04,0.0,6090.0,70.0,-70.0,0.0,hotter,1516.010442168371
HD 159243 b,0.11,0.002,-0.002,0.0,1.12,0.05,-0.05,0.0,6123.0,65.0,-65.0,0.0,hotter,861.7568336729338
WASP-71 b,0.04622,0.00068,-0.00069,0.0,2.26,0.17,-0.17,0.0,6050.0,100.0,-100.0,0.0,hotter,1865.960437415683
Kepler-1851 b,0.1016,,,0.0,0.879,0.355,-0.071,0.0,5982.0,167.0,-185.0,0.0,hot,776.0716163954334
Kepler-1790 b,0.2039,,,0.0,1.03,0.371,-0.094,0.0,6108.0,136.0,-199.0,0.0,hot,605.5037479360622
Kepler-216 c,0.136,,,0.0,1.26,0.243,-0.243,0.0,6091.0,120.0,-120.0,0.0,hotter,817.7343207399123
Kepler-1448 b,0.1058,,,0.0,0.969,0.315,-0.084,0.0,6075.0,180.0,-198.0,0.0,hotter,810.9109124564429
Kepler-65 b,0.035,,,0.0,1.197,0.098,-0.098,0.0,6172.0,50.0,-50.0,0.0,hotter,1592.0136176233375
Kepler-1463 b,0.1694,,,0.0,0.935,0.344,-0.085,0.0,5973.0,174.0,-214.0,0.0,hot,618.9412462048707
Kepler-1830 b,0.2964,,,0.0,1.04,0.456,-0.101,0.0,6412.0,156.0,-209.0,0.0,hot,529.7596683285817
Kepler-1755 b,0.1668,,,0.0,0.921,0.363,-0.08,0.0,6086.0,157.0,-184.0,0.0,hot,630.7707524799832
Kepler-1084 b,0.034,,,0.0,1.54,0.42,-0.42,0.0,6422.0,77.0,-77.0,0.0,hotter,1906.3340757205408
XO-3 b,0.0476,0.0005,-0.0005,0.0,2.13,0.21,-0.21,0.0,6429.0,50.0,-50.0,0.0,hotter,1896.8699605045035
TOI-1659.01,0.065757,0.002686,-0.00292,0.0,1.006,0.048,-0.048,0.0,5977.0,131.0,-131.0,0.0,hotter,1031.143380969677
WASP-194 b,0.047,0.003,-0.003,0.0,1.409,0.09,-0.09,0.0,6405.0,200.0,-200.0,0.0,hotter,1546.7976710250873
Kepler-43 b,0.044,0.0013,-0.0013,0.0,1.332,0.047,-0.047,0.0,6041.0,143.0,-143.0,0.0,hotter,1466.0285153217899
HATS-30 b,0.04354,0.00042,-0.00042,0.0,1.061,0.039,-0.039,0.0,5943.0,70.0,-70.0,0.0,hotter,1293.9783727092545
Kepler-365 b,0.098,,,0.0,1.048,0.487,-0.487,0.0,6012.0,200.0,-200.0,0.0,hotter,867.1503090656652
HATS-31 b,0.0478,0.0012,-0.0012,0.0,1.87,0.18,-0.18,0.0,6050.0,120.0,-120.0,0.0,hotter,1669.0526530615598
Kepler-1835 b,0.0997,,,0.0,0.961,0.363,-0.114,0.0,5903.0,159.0,-166.0,0.0,hotter,808.3411832357918
Kepler-103 b,0.13,,,0.0,1.21,0.14,-0.14,0.0,5975.0,44.0,-44.0,0.0,hotter,804.0197676461065
CoRoT-4 b,0.0912,0.00126,-0.00131,0.0,1.1475,0.0926,-0.0333,0.0,6190.0,60.0,-60.0,0.0,hotter,968.450404281007
Kepler-1847 b,0.0989,,,0.0,0.964,0.369,-0.09,0.0,6122.0,162.0,-214.0,0.0,hotter,843.0270389238294
Kepler-335 b,0.0691,,,0.0,0.932,0.348,-0.08,0.0,6003.0,148.0,-179.0,0.0,hotter,972.4002989155877
Kepler-122 e,0.22001,0.00213,-0.00213,0.0,1.239,0.038,-0.037,0.0,5917.0,60.0,-60.0,0.0,hot,619.3324275510148
Kepler-1709 b,0.327,,,0.0,1.044,0.073,-0.073,0.0,5952.0,50.0,-50.0,0.0,hot,469.0802018576668
Kepler-513 b,0.1836,,,0.0,1.04,0.405,-0.123,0.0,6084.0,146.0,-172.0,0.0,hot,638.6712172626598
TOI-4406 b,0.201,0.005,-0.005,0.0,1.29,0.01,-0.01,0.0,6219.0,70.0,-70.0,0.0,hot,694.9046072480295
WASP-90 b,0.0562,0.0012,-0.0012,0.0,1.98,0.09,-0.09,0.0,6430.0,130.0,-130.0,0.0,hotter,1683.3840893907554
Kepler-84 d,0.052,,,0.0,1.169,0.219,-0.219,0.0,6031.0,143.0,-143.0,0.0,hotter,1261.2544747493973
Kepler-835 b,0.102,,,0.0,1.01,0.37,-0.37,0.0,6188.0,135.0,-135.0,0.0,hotter,858.852756500123
WASP-17 b,0.0515,0.00034,-0.00034,0.0,1.572,0.056,-0.056,0.0,6650.0,80.0,-80.0,0.0,hotter,1620.5114705261294
Kepler-1573 b,0.0364,,,0.0,0.958,0.354,-0.111,0.0,6088.0,166.0,-186.0,0.0,hotter,1377.5726578952995
Kepler-522 b,0.247,,,0.0,1.38,0.13,-0.13,0.0,6285.0,50.0,-50.0,0.0,hot,655.2456650221264
Kepler-364 b,0.178,,,0.0,1.284,0.249,-0.249,0.0,6108.0,125.0,-125.0,0.0,hot,723.5679918496552
WASP-12 b,0.0234,0.00056,-0.0005,0.0,1.657,0.046,-0.044,0.0,6360.0,130.0,-140.0,0.0,hotter,2360.577422160061
Kepler-927 b,0.085,,,0.0,1.01,0.35,-0.35,0.0,5919.0,105.0,-105.0,0.0,hotter,899.9271863511618
Kepler-207 c,0.0423,,,0.0,1.109,0.576,-0.132,0.0,6110.0,143.0,-191.0,0.0,hotter,1379.8904451792523
TOI-1836 b,0.1597,0.0031,-0.0032,0.0,1.577,0.06,-0.06,0.0,6380.0,150.0,-150.0,0.0,hotter,884.2842200390694
Kepler-1177 b,0.4383,,,0.0,0.999,0.398,-0.109,0.0,5968.0,161.0,-184.0,0.0,hot,397.4052783064998
TOI-5398 c,0.057,0.003,-0.003,0.0,1.051,0.013,-0.013,0.0,6000.0,75.0,-75.0,0.0,hotter,1136.3784476798057
Kepler-1345 b,0.27,,,0.0,1.46,0.66,-0.66,0.0,6774.0,125.0,-125.0,0.0,hot,694.7803801649176
Kepler-1099 b,0.0337,,,0.0,1.109,0.639,-0.127,0.0,6153.0,160.0,-229.0,0.0,hotter,1556.8456070285806
TOI-615 b,0.0678,0.0031,-0.0026,0.0,1.732,0.055,-0.055,0.0,6850.0,100.0,-100.0,0.0,hotter,1527.0648343752164
Kepler-1691 b,0.05,,,0.0,1.08,0.47,-0.47,0.0,6325.0,125.0,-125.0,0.0,hotter,1296.5677446675206
CoRoT-11 b,0.04407,0.00056,-0.00059,0.0,1.37,0.03,-0.03,0.0,6440.0,120.0,-120.0,0.0,hotter,1583.7347043448128
CoRoT-21 b,0.0416,0.00094,-0.001,0.0,1.95,0.21,-0.21,0.0,6200.0,100.0,-100.0,0.0,hotter,1872.2771528449746
Kepler-136 b,0.1054,,,0.0,1.188,0.233,-0.113,0.0,6156.0,78.0,-135.0,0.0,hotter,911.5790463206544
Kepler-1248 b,0.076,,,0.0,0.97,0.42,-0.42,0.0,6103.0,72.0,-72.0,0.0,hotter,961.6792573794141
WASP-32 b,0.03904,0.00062,-0.00061,0.0,1.09,0.03,-0.03,0.0,6140.0,90.0,-100.0,0.0,hotter,1430.983161604785
Kepler-1575 b,0.0366,,,0.0,0.908,0.248,-0.088,0.0,5970.0,188.0,-209.0,0.0,hotter,1311.548999618459
TOI-2458 b,0.0482,0.0025,-0.0027,0.0,1.31,0.03,-0.03,0.0,6005.0,50.0,-50.0,0.0,hotter,1380.8068990300048
WASP-175 b,0.04403,0.00055,-0.00055,0.0,1.204,0.064,-0.064,0.0,6229.0,100.0,-100.0,0.0,hotter,1436.696518767971
Kepler-805 b,0.1996,,,0.0,1.592,0.05,-0.05,0.0,6034.0,92.0,-92.0,0.0,hot,751.630469036319
Kepler-1044 b,0.0724,,,0.0,1.09,0.516,-0.11,0.0,6217.0,169.0,-205.0,0.0,hotter,1063.9779827879424
TOI-2803 A b,0.03185,0.00052,-0.00052,0.0,1.245,0.022,-0.021,0.0,6280.0,99.0,-96.0,0.0,hotter,1731.798698592237
Kepler-58 c,0.1228,,,0.0,1.083,0.35,-0.15,0.0,6100.0,193.0,-214.0,0.0,hot,799.0108702076852
HAT-P-16 b,0.04134,0.00044,-0.00045,0.0,1.237,0.054,-0.054,0.0,6158.0,80.0,-80.0,0.0,hotter,1485.7546770607407
TOI-1408 b,0.05778,0.0001,-0.0001,0.0,1.53,0.02,-0.02,0.0,6117.0,31.0,-31.0,0.0,hotter,1388.3636515571454
WASP-197 b,0.065,0.002,-0.002,0.0,2.112,0.077,-0.077,0.0,6050.0,100.0,-100.0,0.0,hotter,1521.0849211159014
Kepler-1617 b,0.1833,,,0.0,1.126,0.555,-0.127,0.0,6300.0,157.0,-198.0,0.0,hot,688.7098907602306
Kepler-1941 b,0.2092,,,0.0,1.171,0.56,-0.146,0.0,6418.0,157.0,-234.0,0.0,hot,669.7382885742591
Kepler-76 b,0.0274,0.002,-0.0019,0.0,1.32,0.08,-0.08,0.0,6409.0,95.0,-95.0,0.0,hotter,1962.0486132842798
Kepler-1859 b,0.0386,,,0.0,1.068,0.504,-0.119,0.0,6190.0,164.0,-210.0,0.0,hotter,1436.1190094521614
WASP-106 b,0.0917,0.0014,-0.0014,0.0,1.393,0.048,-0.028,0.0,6000.0,150.0,-150.0,0.0,hotter,1031.4541999324524
Kepler-450 c,0.1332,,,0.0,1.57,0.085,-0.085,0.0,6215.0,89.0,-89.0,0.0,hotter,941.1235793978008
Kepler-1927 b,0.3859,,,0.0,2.481,0.343,-0.859,0.0,6056.0,81.0,-81.0,0.0,hot,677.2822083107344
Kepler-1326 b,0.2743,,,0.0,2.632,0.471,-0.875,0.0,6864.0,184.0,-225.0,0.0,hotter,937.8105656866763
TOI-2193 A b,0.03319,0.00052,-0.00051,0.0,1.248,0.026,-0.028,0.0,5966.0,73.0,-72.0,0.0,hotter,1613.5956830890168
Kepler-197 b,0.0596,,,0.0,1.109,0.036,-0.04,0.0,6003.0,96.0,-108.0,0.0,hotter,1142.1385607664868
Kepler-115 b,0.03562,0.00037,-0.00037,0.0,1.13,0.028,-0.027,0.0,6000.0,60.0,-60.0,0.0,hotter,1490.5663833527026
Kepler-1213 b,0.06026,0.00051,-0.00051,0.0,1.437,0.036,-0.035,0.0,5941.0,60.0,-60.0,0.0,hotter,1279.6204751748662
HAT-P-1 b,0.0551,0.0015,-0.0015,0.0,1.15,0.09,-0.09,0.0,6067.0,,,0.0,hotter,1222.5170464466219
Kepler-1283 b,0.1062,,,0.0,0.867,0.323,-0.07,0.0,6058.0,159.0,-181.0,0.0,hot,763.4566233987022
Kepler-1666 c,0.2383,,,0.0,1.031,0.436,-0.097,0.0,6297.0,168.0,-212.0,0.0,hot,577.708573300056
HAT-P-56 b,0.0447,0.0019,-0.0019,0.0,1.88,0.44,-0.44,0.0,6863.0,195.0,-195.0,0.0,hotter,1963.1205522545665
Kepler-126 d,0.4477,,,0.0,1.358,0.024,-0.024,0.0,6239.0,94.0,-94.0,0.0,hot,479.2687707952064
HD 212301 b,0.03,0.0,0.0,0.0,1.16,0.02,-0.02,0.0,6239.0,24.0,-24.0,0.0,hotter,1711.1621318977793
Kepler-631 b,0.142,,,0.0,1.11,0.46,-0.46,0.0,6433.0,100.0,-100.0,0.0,hot,793.3022324203573
HAT-P-69 b,0.06555,0.0007,-0.00035,0.0,1.926,0.06,-0.031,0.0,7394.0,360.0,-600.0,0.0,hotter,1767.7833837795756
Kepler-392 c,0.0967,,,0.0,1.403,0.708,-0.316,0.0,6474.0,161.0,-212.0,0.0,hotter,1087.6673736681787
Kepler-1041 b,0.1688,,,0.0,0.966,0.32,-0.085,0.0,6106.0,143.0,-182.0,0.0,hot,644.2685768439386
HD 5278 c,0.2416,0.0027,-0.0027,0.0,1.194,0.017,-0.016,0.0,6203.0,64.0,-64.0,0.0,hot,608.2236280009191
Kepler-203 b,0.0424,,,0.0,0.937,0.382,-0.084,0.0,5949.0,152.0,-182.0,0.0,hotter,1233.4985516901145
Kepler-175 b,0.105,,,0.0,1.01,0.504,-0.504,0.0,6064.0,200.0,-200.0,0.0,hotter,829.5317971398891
TOI-6130 b,0.036,0.002,-0.002,0.0,1.51,0.03,-0.03,0.0,6110.0,50.0,-50.0,0.0,hotter,1745.3649138798812
HATS-41 b,0.0583,0.0015,-0.001,0.0,1.71,0.36,-0.24,0.0,6424.0,91.0,-91.0,0.0,hotter,1534.5361291089396
Kepler-143 c,0.177,,,0.0,1.06,0.41,-0.41,0.0,6002.0,91.0,-91.0,0.0,hot,647.8434890272019
Kepler-270 c,0.1768,,,0.0,1.3,0.765,-0.237,0.0,6432.0,157.0,-229.0,0.0,hot,769.2799074164103
Kepler-501 b,0.0632,,,0.0,0.989,0.399,-0.095,0.0,6217.0,162.0,-212.0,0.0,hotter,1084.7465607619104
MASCARA-1 b,0.043,0.005,-0.005,0.0,2.1,0.2,-0.2,0.0,7554.0,150.0,-150.0,0.0,hotter,2328.41403218613
HAT-P-50 b,0.0453,0.00058,-0.0014,0.0,1.698,0.071,-0.071,0.0,6280.0,49.0,-49.0,0.0,hotter,1695.8490541281224
Kepler-596 b,0.1542,,,0.0,1.115,0.563,-0.119,0.0,6343.0,153.0,-198.0,0.0,hot,752.3116134080319
Kepler-201 b,0.179,,,0.0,1.179,0.187,-0.109,0.0,6034.0,109.0,-133.0,0.0,hot,683.0358530660852
Kepler-1989 b,0.0918,,,0.0,1.06,0.425,-0.135,0.0,6032.0,177.0,-216.0,0.0,hotter,904.0672408177178
Kepler-187 b,0.057,,,0.0,1.15,0.44,-0.44,0.0,5973.0,105.0,-105.0,0.0,hotter,1183.3461847891742
Kepler-1517 b,0.078,,,0.0,4.037,0.445,-1.565,0.0,7358.0,223.0,-310.0,0.0,hotter,2334.7998927175195
Kepler-401 c,0.2606,,,0.0,1.373,0.702,-0.312,0.0,6347.0,162.0,-198.0,0.0,hot,642.5758051500055
TOI-2236 b,0.05009,0.0008,-0.00082,0.0,1.573,0.033,-0.033,0.0,6248.0,72.0,-77.0,0.0,hotter,1544.3213451051638
Kepler-1836 b,0.0602,,,0.0,0.987,0.39,-0.097,0.0,6123.0,175.0,-225.0,0.0,hotter,1093.5342703397448
HATS-11 b,0.04614,0.00093,-0.00093,0.0,1.444,0.057,-0.057,0.0,6060.0,150.0,-150.0,0.0,hotter,1495.2893272761135
HD 108147 b,0.102,0.0059,-0.0059,0.0,1.20664,0.059557,-0.059539,0.0,6255.73,126.62,-155.48,0.0,hotter,949.0182782366572
Kepler-277 b,0.139,,,0.0,1.65,0.22,-0.22,0.0,5946.0,56.0,-56.0,0.0,hotter,903.581404537143
KOI-3503 c,0.18688,0.00147,-0.00147,0.0,1.255,0.034,-0.033,0.0,6001.0,60.0,-60.0,0.0,hot,685.9175023892752
Kepler-1187 b,0.1401,,,0.0,0.949,0.388,-0.086,0.0,6103.0,152.0,-188.0,0.0,hot,700.5920685862811
Kepler-1340 b,0.01523,0.00011,-0.00011,0.0,0.988,0.034,-0.033,0.0,5909.0,60.0,-60.0,0.0,hotter,2099.183086079484
Kepler-1655 b,0.09917,0.00104,-0.00104,0.0,1.052,0.023,-0.023,0.0,6002.0,60.0,-60.0,0.0,hotter,862.226789290056
Kepler-1912 b,0.067,,,0.0,1.474,0.709,-0.39,0.0,5902.0,156.0,-170.0,0.0,hotter,1221.0075613165288
TOI-4087 b,0.04469,0.00048,-0.00054,0.0,1.112,0.021,-0.02,0.0,6060.0,74.0,-67.0,0.0,hotter,1333.2992913625026
KELT-20 b,0.0542,0.0014,-0.0021,0.0,1.565,0.057,-0.064,0.0,8720.0,250.0,-260.0,0.0,hotter,2066.720848011689
HD 25463 b,0.076,0.002,-0.002,0.0,1.41,0.07,-0.07,0.0,6220.0,110.0,-110.0,0.0,hotter,1181.6829047830415
Kepler-394 d,0.0647,,,0.0,1.154,0.636,-0.143,0.0,6426.0,155.0,-258.0,0.0,hotter,1197.0141743981376
Kepler-758 d,0.1582,,,0.0,1.351,0.677,-0.244,0.0,6692.0,154.0,-280.0,0.0,hotter,862.5577369479387
KOI-94 d,0.1684,0.0022,-0.0022,0.0,1.52,0.14,-0.14,0.0,6182.0,58.0,-58.0,0.0,hotter,819.1955018316665
Kepler-972 b,0.073,,,0.0,1.11,0.57,-0.57,0.0,6103.0,121.0,-121.0,0.0,hotter,1049.6662586870207
Kepler-647 c,0.1831,,,0.0,1.053,0.185,-0.117,0.0,5955.0,114.0,-120.0,0.0,hot,629.8825646232838
Kepler-338 b,0.1172,,,0.0,1.735,0.082,-0.082,0.0,5923.0,77.0,-77.0,0.0,hotter,1005.1606400139607
Kepler-217 b,0.067,,,0.0,1.356,,,0.0,6653.0,,,0.0,hotter,1320.1332651487683
Kepler-812 b,0.102,,,0.0,1.42,0.66,-0.66,0.0,7110.0,129.0,-129.0,0.0,hotter,1170.0960004433384
TOI-559 b,0.0723,0.0013,-0.0013,0.0,1.233,0.028,-0.026,0.0,5925.0,85.0,-76.0,0.0,hotter,1079.2164393020098
KELT-21 b,0.05224,0.00035,-0.00034,0.0,1.638,0.034,-0.034,0.0,7598.0,81.0,-84.0,0.0,hotter,1876.560029311003
K2-100 b,0.0301,0.0014,-0.0014,0.0,1.24,0.05,-0.05,0.0,5945.0,110.0,-110.0,0.0,hotter,1683.0121899965175
TOI-1836 c,0.03089,0.0005,-0.0005,0.0,1.6454,0.032,-0.0253,0.0,6237.0,91.0,-69.0,0.0,hotter,2007.753280653407
HATS-64 b,0.06562,0.00039,-0.00039,0.0,2.113,0.071,-0.071,0.0,6554.0,27.0,-27.0,0.0,hotter,1640.3853437744108
Kepler-616 c,0.4024,,,0.0,0.977,0.302,-0.101,0.0,6004.0,181.0,-199.0,0.0,hot,412.6356887114665
Kepler-1725 b,0.1334,,,0.0,1.03,0.145,-0.046,0.0,6108.0,73.0,-137.0,0.0,hot,748.5960544191685
Kepler-212 b,0.1313,,,0.0,1.141,0.282,-0.097,0.0,5914.0,98.0,-129.0,0.0,hot,768.9526309185355
Kepler-1574 b,0.0743,,,0.0,1.03,0.324,-0.108,0.0,6108.0,193.0,-236.0,0.0,hotter,1003.0695381542046
K2-66 b,0.06069,0.00087,-0.00087,0.0,1.71,0.14,-0.14,0.0,5958.0,75.0,-75.0,0.0,hotter,1394.9151565544087
Kepler-1119 b,0.0812,,,0.0,1.0,0.431,-0.099,0.0,6057.0,158.0,-202.0,0.0,hotter,937.5347347161551
Kepler-1233 b,0.263,,,0.0,1.169,0.382,-0.127,0.0,6499.0,174.0,-232.0,0.0,hot,604.3433200777727
Kepler-906 b,0.22363,0.00228,-0.00228,0.0,1.024,0.028,-0.027,0.0,5956.0,60.0,-60.0,0.0,hot,562.1438235920776
Kepler-177 c,0.2701,,,0.0,1.066,0.557,-0.108,0.0,6220.0,156.0,-207.0,0.0,hot,545.0225894469287
Kepler-128 c,0.16517,0.00273,-0.00273,0.0,1.66,0.038,-0.037,0.0,6081.0,60.0,-60.0,0.0,hotter,850.2982218299044
HD 145377 b,0.45,0.01,-0.01,0.0,1.05,0.02,-0.02,0.0,6014.0,20.0,-20.0,0.0,hot,405.1908450152179
Kepler-1797 b,0.1637,,,0.0,1.009,0.435,-0.095,0.0,6244.0,164.0,-210.0,0.0,hot,683.7415082341766
Kepler-279 b,0.1077,,,0.0,1.067,0.426,-0.102,0.0,6781.0,157.0,-230.0,0.0,hotter,941.403720345237
Kepler-642 b,0.0589,,,0.0,2.297,0.485,-0.727,0.0,6570.0,156.0,-195.0,0.0,hotter,1809.6560021351893
Kepler-514 b,0.065,,,0.0,1.28,0.55,-0.55,0.0,6282.0,66.0,-66.0,0.0,hotter,1229.572231048238
TOI-3688 A b,0.0456,0.00089,-0.00098,0.0,1.302,0.038,-0.035,0.0,5950.0,100.0,-100.0,0.0,hotter,1402.3223129652208
Kepler-794 b,0.0972,,,0.0,1.087,0.184,-0.112,0.0,5993.0,108.0,-125.0,0.0,hotter,883.9622630946652
TOI-5126 b,0.06519,0.00087,-0.00082,0.0,1.241,0.032,-0.027,0.0,6150.0,110.0,-130.0,0.0,hotter,1183.5274191894039
Kepler-1225 b,0.075,,,0.0,1.09,0.44,-0.44,0.0,6369.0,106.0,-106.0,0.0,hotter,1070.9314532681192
TOI-4127 b,0.3081,0.0055,-0.0058,0.0,1.293,0.05,-0.05,0.0,6096.0,115.0,-115.0,0.0,hot,550.815533732207
Kepler-1396 b,0.1397,,,0.0,1.031,0.509,-0.093,0.0,6241.0,161.0,-203.0,0.0,hot,747.8131882437852
Kepler-1094 b,0.368,,,0.0,0.99,0.43,-0.43,0.0,6158.0,115.0,-115.0,0.0,hot,445.49330360054296
Kepler-654 b,0.1211,,,0.0,1.656,0.773,-0.519,0.0,6106.0,162.0,-208.0,0.0,hotter,995.9159835108312
Kepler-624 b,0.1172,,,0.0,1.191,0.189,-0.189,0.0,6063.0,121.0,-133.0,0.0,hotter,852.4863836839224
Kepler-123 c,0.181,,,0.0,1.264,0.243,-0.243,0.0,6089.0,121.0,-121.0,0.0,hot,709.7216138395376
Kepler-541 b,0.059,,,0.0,1.21,0.55,-0.55,0.0,6074.0,133.0,-133.0,0.0,hotter,1213.2471358802468
Kepler-919 b,0.0981,,,0.0,1.025,0.448,-0.105,0.0,6093.0,153.0,-198.0,0.0,hotter,868.6931860456768
Kepler-1121 b,0.115,,,0.0,1.43,0.51,-0.51,0.0,6314.0,73.0,-73.0,0.0,hotter,982.0452151124786
Kepler-983 b,0.3061,,,0.0,0.989,0.39,-0.088,0.0,6201.0,147.0,-181.0,0.0,hot,491.6273327993415
Pr0201 b,0.06,0.0,0.0,0.0,1.15,0.12,-0.12,0.0,6174.0,50.0,-50.0,0.0,hotter,1192.1961855357272
HATS-40 b,0.04997,0.00074,-0.00074,0.0,2.26,0.18,-0.11,0.0,6460.0,130.0,-130.0,0.0,hotter,1916.1957415355555
HD 117618 b,0.176,0.01,-0.01,0.0,1.18438,0.07784,-0.038029,0.0,5995.71,103.91,-157.37,0.0,hot,686.0213396060471
TOI-3071 b,0.0249,0.0001,-0.0001,0.0,1.31,0.04,-0.04,0.0,6177.0,62.0,-62.0,0.0,hotter,1976.1567195818254
HAT-P-31 b,0.061,0.0013,-0.0011,0.0,1.36,0.27,-0.18,0.0,6070.0,100.0,-100.0,0.0,hotter,1264.1570633488986
Kepler-534 b,0.1272,,,0.0,0.965,0.147,-0.045,0.0,5936.0,102.0,-131.0,0.0,hot,721.143678908601
Kepler-1487 b,0.0747,,,0.0,0.956,0.35,-0.08,0.0,6444.0,157.0,-198.0,0.0,hotter,1016.791682113674
Kepler-1484 b,0.1939,,,0.0,0.984,0.312,-0.111,0.0,6283.0,176.0,-220.0,0.0,hot,624.28587997389
Kepler-930 b,0.3475,,,0.0,1.488,0.432,-0.432,0.0,6148.0,184.0,-220.0,0.0,hot,561.1328936165941
Kepler-23 d,0.128,,,0.0,1.87,0.48,-0.48,0.0,6142.0,118.0,-118.0,0.0,hotter,1035.4602663115
Kepler-604 b,0.1735,,,0.0,0.964,0.384,-0.087,0.0,6122.0,161.0,-191.0,0.0,hot,636.4875462060227
HATS-55 b,0.05412,0.00014,-0.00018,0.0,1.126,0.011,-0.011,0.0,6214.0,36.0,-36.0,0.0,hotter,1250.1708204071404
HATS-68 b,0.05071,0.00018,-0.00018,0.0,1.748,0.026,-0.026,0.0,6147.0,22.0,-22.0,0.0,hotter,1591.8235657761024
XO-6 b,0.0815,0.0077,-0.0077,0.0,1.93,0.18,-0.18,0.0,6720.0,100.0,-100.0,0.0,hotter,1442.370830766765
HATS-66 b,0.04714,0.00025,-0.00025,0.0,1.841,0.041,-0.041,0.0,6626.0,35.0,-35.0,0.0,hotter,1826.380848727018
Kepler-1501 b,0.1228,,,0.0,1.061,0.138,-0.053,0.0,6065.0,66.0,-96.0,0.0,hot,786.3160158871918
Kepler-593 b,0.155,,,0.0,1.05,0.36,-0.36,0.0,6202.0,104.0,-104.0,0.0,hot,711.9809442859346
TOI-2128 b,0.127,0.003,-0.003,0.0,1.1174,0.0239,-0.0227,0.0,5968.0,86.0,-84.0,0.0,hot,780.7987247218535
Kepler-147 b,0.1095,,,0.0,1.26,0.236,-0.175,0.0,6010.0,104.0,-124.0,0.0,hotter,899.2086848466512
Kepler-24 b,0.08045,0.00088,-0.00088,0.0,1.084,0.041,-0.04,0.0,6022.0,60.0,-60.0,0.0,hotter,974.9900325853389
Kepler-887 c,0.0801,0.00072,-0.00072,0.0,1.367,0.036,-0.035,0.0,6207.0,60.0,-60.0,0.0,hotter,1130.9868423123753
Kepler-1421 b,0.0749,,,0.0,1.151,0.667,-0.131,0.0,6540.0,144.0,-214.0,0.0,hotter,1130.79091107896
ups And b,0.0594,0.0003,-0.0003,0.0,1.64,0.04,-0.05,0.0,6089.0,,,0.0,hotter,1411.1802295295975
TOI-150.01,0.07037,0.00087,-0.00088,0.0,1.526,0.012,-0.012,0.0,6255.0,90.0,-90.0,0.0,hotter,1284.749960937899
Kepler-336 d,0.1444,,,0.0,0.865,0.373,-0.068,0.0,6029.0,153.0,-165.0,0.0,hot,650.8449640333929
HD 202772 A b,0.05208,0.00064,-0.00068,0.0,2.591,0.078,-0.093,0.0,6272.0,77.0,-71.0,0.0,hotter,1951.2462266089192
Qatar-3 b,0.03783,0.00069,-0.00069,0.0,1.272,0.14,-0.14,0.0,6007.0,52.0,-52.0,0.0,hotter,1536.352334912526
Kepler-512 b,0.2038,,,0.0,0.963,0.359,-0.104,0.0,6100.0,149.0,-170.0,0.0,hot,584.8556591549113
HATS-24 b,0.0238,0.001,-0.001,0.0,1.12,0.044,-0.047,0.0,6125.0,94.0,-94.0,0.0,hotter,1853.2518130647757
Kepler-1188 b,0.134,,,0.0,1.05,0.46,-0.46,0.0,6195.0,122.0,-122.0,0.0,hot,764.8765898056478
Kepler-435 b,0.0949,0.0018,-0.0019,0.0,3.21,0.3,-0.3,0.0,6090.0,110.0,-110.0,0.0,hotter,1562.2283345278456
Kepler-110 c,0.19551,0.00189,-0.00189,0.0,1.234,0.032,-0.031,0.0,5956.0,60.0,-60.0,0.0,hot,659.9873156768059
Kepler-1070 b,0.0708,,,0.0,1.353,0.752,-0.255,0.0,6616.0,150.0,-264.0,0.0,hotter,1275.6618680200488
K2-230 b,0.0409,0.0003,-0.0002,0.0,1.39,0.04,-0.04,0.0,5945.0,23.0,-25.0,0.0,hotter,1528.6406803904672
WASP-118 b,0.05453,0.00048,-0.00048,0.0,1.696,0.029,-0.029,0.0,6410.0,125.0,-125.0,0.0,hotter,1576.743366172304
Kepler-1364 b,0.1284,,,0.0,2.274,0.462,-0.635,0.0,6995.0,194.0,-243.0,0.0,hotter,1298.3992171434952
HD 43691 b,0.238,0.015,-0.015,0.0,1.6,0.11,-0.11,0.0,6093.0,,,0.0,hot,696.8037812806907
Kepler-644 b,0.0469,,,0.0,1.653,0.917,-0.467,0.0,6440.0,165.0,-265.0,0.0,hotter,1686.3343270778619
Kepler-1126 b,0.4358,,,0.0,0.844,0.363,-0.059,0.0,6106.0,152.0,-174.0,0.0,hot,374.79364479785636
WASP-195 b,0.063,0.003,-0.003,0.0,1.578,0.066,-0.066,0.0,6300.0,125.0,-125.0,0.0,hotter,1390.69400336476
CoRoT-3 b,0.05783,0.00085,-0.00085,0.0,1.575,0.095,-0.095,0.0,6740.0,140.0,-140.0,0.0,hotter,1551.4271497814682
Kepler-1487 c,0.2152,,,0.0,0.956,0.35,-0.08,0.0,6444.0,157.0,-198.0,0.0,hot,599.0611449657121
Qatar-10 b,0.0286,0.0006,-0.0006,0.0,1.254,0.026,-0.026,0.0,6124.0,46.0,-46.0,0.0,hotter,1788.5815295503778
Kepler-1863 b,0.2438,,,0.0,1.168,0.425,-0.208,0.0,6112.0,155.0,-176.0,0.0,hot,590.0593875217743
Kepler-1397 b,0.25861,0.00182,-0.00182,0.0,1.716,0.051,-0.05,0.0,6123.0,60.0,-60.0,0.0,hot,695.6776513659263
WASP-158 b,0.0517,0.0018,-0.0018,0.0,1.39,0.18,-0.18,0.0,6350.0,150.0,-150.0,0.0,hotter,1452.2576126464721
Kepler-894 b,0.092,,,0.0,0.87,0.3,-0.3,0.0,5920.0,200.0,-200.0,0.0,hotter,802.9624332183678
Kepler-1768 b,0.1274,,,0.0,1.559,0.78,-0.443,0.0,6047.0,176.0,-220.0,0.0,hotter,933.0096164988856
Kepler-1509 b,0.1733,,,0.0,1.027,0.476,-0.103,0.0,6077.0,167.0,-226.0,0.0,hot,652.5037089353307
TOI-677 b,0.1038,0.0017,-0.0017,0.0,1.28,0.03,-0.03,0.0,6295.0,77.0,-77.0,0.0,hotter,975.0117519461427
K2-222 b,0.1206,0.0029,-0.0029,0.0,1.115,0.029,-0.029,0.0,5942.0,119.0,-119.0,0.0,hot,796.9007491288546
Kepler-1615 b,0.2595,,,0.0,1.002,0.43,-0.097,0.0,6035.0,149.0,-188.0,0.0,hot,523.0584974845154
TOI-837 b,0.083,0.001,-0.001,0.0,1.036,0.015,-0.015,0.0,6000.0,60.0,-60.0,0.0,hotter,934.9747656880181
Kepler-1723 b,0.2249,,,0.0,1.01,0.371,-0.125,0.0,6072.0,157.0,-183.0,0.0,hot,567.5518320220361
KELT-16 b,0.02044,0.00024,-0.00026,0.0,1.36,0.064,-0.053,0.0,6236.0,54.0,-54.0,0.0,hotter,2243.5870407227035
WASP-20 b,0.05999,0.00069,-0.00068,0.0,1.392,0.044,-0.044,0.0,5940.0,100.0,-100.0,0.0,hotter,1262.0438344434706
Kepler-385 b,0.0939,,,0.0,1.153,0.671,-0.144,0.0,6308.0,178.0,-246.0,0.0,hotter,974.9477694268006
Kepler-228 c,0.051,,,0.0,0.94,0.43,-0.43,0.0,6014.0,138.0,-138.0,0.0,hotter,1138.8068488188794
XO-4 b,0.05474,0.00163,-0.00064,0.0,1.531,0.386,-0.069,0.0,6397.0,70.0,-70.0,0.0,hotter,1492.173618240499
CoRoT-22 b,0.092,0.0014,-0.0014,0.0,1.136,0.038,-0.09,0.0,5939.0,54.0,-120.0,0.0,hotter,920.4842992507091
Kepler-1988 b,0.1142,,,0.0,3.132,1.202,-1.714,0.0,6036.0,177.0,-182.0,0.0,hotter,1394.2314136509465
Kepler-766 b,0.066,,,0.0,0.91,0.4,-0.4,0.0,5938.0,136.0,-136.0,0.0,hotter,972.5159425247307
Kepler-134 b,0.05874,0.00066,-0.00066,0.0,0.969,0.023,-0.022,0.0,5918.0,60.0,-60.0,0.0,hotter,1060.1753104564484
Kepler-1275 b,0.0477,,,0.0,1.087,0.575,-0.112,0.0,6269.0,162.0,-201.0,0.0,hotter,1319.9627038489275
Kepler-393 b,0.0939,,,0.0,1.604,0.883,-0.384,0.0,6735.0,161.0,-234.0,0.0,hotter,1227.763713632975
Kepler-74 b,0.0801,,,0.0,1.498,0.095,-0.131,0.0,6056.0,112.0,-154.0,0.0,hotter,1155.136542695547
Kepler-1154 b,0.0604,,,0.0,1.022,0.378,-0.093,0.0,6163.0,155.0,-199.0,0.0,hotter,1118.1677291186877
Kepler-84 b,0.0831,,,0.0,1.022,0.41,-0.115,0.0,6028.0,161.0,-196.0,0.0,hotter,932.4079922591982
Kepler-1360 b,0.2866,,,0.0,3.086,0.432,-0.802,0.0,6443.0,77.0,-90.0,0.0,hotter,932.5149583702901
WASP-192 b,0.0408,0.0008,-0.0008,0.0,1.32,0.07,-0.07,0.0,5910.0,145.0,-145.0,0.0,hotter,1482.6961940551837
Kepler-664 b,0.0374,,,0.0,1.046,0.334,-0.133,0.0,6031.0,169.0,-211.0,0.0,hotter,1406.7832135819194
Kepler-814 b,0.0676,,,0.0,1.033,0.476,-0.087,0.0,6341.0,159.0,-198.0,0.0,hotter,1093.3076169698668
Kepler-1673 b,0.211,,,0.0,1.01,0.41,-0.41,0.0,6188.0,83.0,-83.0,0.0,hot,597.1419363749612
Kepler-666 b,0.0542,,,0.0,0.969,0.3,-0.1,0.0,6075.0,189.0,-210.0,0.0,hotter,1132.964586981142
Kepler-462 b,0.465,,,0.0,2.52,0.71,-0.71,0.0,7713.0,200.0,-200.0,0.0,hot,791.9630748211397
Kepler-509 b,0.23702,0.00228,-0.00228,0.0,1.19,0.031,-0.03,0.0,5952.0,60.0,-60.0,0.0,hot,588.2361549415208
WASP-174 b,0.0559,0.0009,-0.0009,0.0,1.31,0.08,-0.08,0.0,6400.0,100.0,-100.0,0.0,hotter,1366.5248249262472
Kepler-1474 b,0.2233,,,0.0,1.147,0.645,-0.151,0.0,6057.0,158.0,-220.0,0.0,hot,605.4840802599902
Kepler-1686 b,0.089,,,0.0,0.98,0.41,-0.41,0.0,6123.0,111.0,-111.0,0.0,hotter,896.1693816045481
Kepler-1080 b,0.366,,,0.0,1.132,,,0.0,6096.0,,,0.0,hot,472.8631128890805
Kepler-1085 c,0.294,,,0.0,0.95,0.21,-0.21,0.0,6052.0,96.0,-96.0,0.0,hot,479.838250108004
TOI-1898 b,0.269,0.005,-0.005,0.0,1.6131,0.0292,-0.0312,0.0,6241.0,88.0,-85.0,0.0,hot,674.0878448391808
Kepler-1031 b,0.0229,,,0.0,0.991,0.415,-0.091,0.0,6095.0,143.0,-189.0,0.0,hotter,1768.4818372244968
HATS-58 A b,0.05798,0.00057,-0.00057,0.0,1.433,0.059,-0.059,0.0,7175.0,54.0,-54.0,0.0,hotter,1573.3078259010942
K2-243 c,0.1817,0.0022,-0.0024,0.0,1.39,0.03,-0.03,0.0,6570.0,269.0,-171.0,0.0,hotter,801.4992381139159
Kepler-254 b,0.064,,,0.0,0.92,0.3,-0.3,0.0,5956.0,106.0,-106.0,0.0,hotter,996.0162490706908
Kepler-769 c,0.1272,,,0.0,1.009,0.41,-0.096,0.0,6225.0,156.0,-209.0,0.0,hot,773.3021026640428
Kepler-24 d,0.052,,,0.0,1.12,0.75,-0.75,0.0,6043.0,115.0,-115.0,0.0,hotter,1236.9944229446887
HIP 94235 b,0.0787,0.00056,-0.00017,0.0,1.08,0.11,-0.1,0.0,5991.0,50.0,-50.0,0.0,hotter,978.8849219216011
Kepler-59 c,0.1375,,,0.0,1.011,0.433,-0.095,0.0,6305.0,155.0,-201.0,0.0,hot,754.0794878399261
Kepler-1429 b,0.0549,,,0.0,1.033,0.541,-0.091,0.0,6210.0,157.0,-196.0,0.0,hotter,1188.1284534338865
Kepler-356 c,0.1123,,,0.0,1.277,0.23,-0.188,0.0,6140.0,123.0,-135.0,0.0,hotter,913.2333216901825
Kepler-1621 b,0.4204,,,0.0,1.283,0.23,-0.173,0.0,6084.0,81.0,-90.0,0.0,hot,468.79070029883087
Kepler-870 b,0.1539,,,0.0,0.992,0.316,-0.105,0.0,6170.0,170.0,-233.0,0.0,hot,690.922758108597
Kepler-1618 b,0.0706,,,0.0,1.289,0.432,-0.154,0.0,6720.0,164.0,-234.0,0.0,hotter,1266.4883203014128
Kepler-359 c,0.3015,,,0.0,1.033,0.444,-0.094,0.0,6210.0,181.0,-227.0,0.0,hot,506.9976082059958
Kepler-1300 b,0.1577,,,0.0,1.315,0.72,-0.271,0.0,6263.0,157.0,-188.0,0.0,hot,797.6956968697559
Kepler-1394 b,0.0555,,,0.0,2.741,0.324,-0.757,0.0,6277.0,126.0,-113.0,0.0,hotter,1945.6645345887246
BD-14 3065 b,0.0656,0.0026,-0.0026,0.0,2.35,0.08,-0.08,0.0,6935.0,90.0,-90.0,0.0,hotter,1830.7805280762282
Kepler-1343 b,0.0449,,,0.0,1.005,0.326,-0.102,0.0,6198.0,175.0,-218.0,0.0,hotter,1293.3594484606408
WASP-166 b,0.0641,0.0011,-0.0011,0.0,1.22,0.06,-0.06,0.0,6050.0,50.0,-50.0,0.0,hotter,1164.1637796488315
Kepler-1557 b,0.0486,,,0.0,1.031,0.463,-0.089,0.0,6225.0,171.0,-196.0,0.0,hotter,1264.6150954907619
TOI-1518 b,0.0389,0.0011,-0.0011,0.0,1.95,0.048,-0.048,0.0,7300.0,100.0,-100.0,0.0,hotter,2279.676240847045
Kepler-58 b,0.0927,,,0.0,1.083,0.48,-0.134,0.0,6100.0,165.0,-211.0,0.0,hotter,919.6276151941928
Kepler-544 b,0.1553,,,0.0,1.18,0.212,-0.13,0.0,6156.0,123.0,-135.0,0.0,hot,748.4481078339543
Kepler-836 b,0.1016,,,0.0,1.017,0.466,-0.094,0.0,6244.0,157.0,-200.0,0.0,hotter,871.3333256701933
Kepler-286 e,0.187,,,0.0,0.93,0.46,-0.46,0.0,5969.0,107.0,-107.0,0.0,hot,587.1243031427875
K2-99 b,0.159,0.006,-0.006,0.0,3.1,0.1,-0.1,0.0,5990.0,40.0,-40.0,0.0,hotter,1166.5864156641624
Kepler-1488 b,0.2278,,,0.0,1.135,0.472,-0.17,0.0,6035.0,150.0,-176.0,0.0,hot,594.1637516900224
HD 73344 c,0.3388,0.0042,-0.0043,0.0,1.22,0.03,-0.03,0.0,6148.0,100.0,-100.0,0.0,hot,514.5764199830135
Kepler-320 c,0.1379,,,0.0,1.04,0.503,-0.092,0.0,6412.0,161.0,-199.0,0.0,hot,776.6687979515065
Kepler-168 c,0.113,,,0.0,1.04,0.41,-0.41,0.0,6250.0,122.0,-122.0,0.0,hotter,836.3061164599952
HD 106315 b,0.09012,0.00083,-0.00085,0.0,1.18,0.11,-0.11,0.0,6290.0,60.0,-60.0,0.0,hotter,1003.8963273176312
WASP-26 b,0.04,0.0003,-0.0003,0.0,1.34,0.06,-0.06,0.0,5950.0,100.0,-100.0,0.0,hotter,1518.962936842041
KELT-2 A b,0.05497,0.00037,-0.00037,0.0,1.828,0.07,-0.034,0.0,6148.0,48.0,-48.0,0.0,hotter,1563.7484559259367
TOI-1994 b,0.0613,0.0019,-0.0019,0.0,2.3,0.13,-0.12,0.0,7700.0,720.0,-410.0,0.0,hotter,2080.329912638422
Kepler-1434 b,0.0894,,,0.0,2.062,0.394,-0.525,0.0,6231.0,125.0,-125.0,0.0,hotter,1319.900307856084
Kepler-1129 b,0.1631,,,0.0,1.025,0.404,-0.125,0.0,6240.0,192.0,-229.0,0.0,hot,689.9654590359887
HATS-36 b,0.05425,0.00043,-0.00043,0.0,1.155,0.039,-0.039,0.0,6149.0,76.0,-76.0,0.0,hotter,1251.4209514780773
HD 93963 A b,0.02061,0.0004,-0.0004,0.0,1.0311,0.0176,-0.0169,0.0,5908.0,66.0,-72.0,0.0,hotter,1843.1458044395333
Kepler-122 f,0.2903,,,0.0,0.949,0.327,-0.088,0.0,6103.0,143.0,-186.0,0.0,hot,486.6993498318606
Kepler-350 d,0.1723,,,0.0,1.247,0.571,-0.24,0.0,6217.0,168.0,-195.0,0.0,hot,737.6991162994265
Kepler-1271 b,0.0423,,,0.0,1.038,0.546,-0.092,0.0,6184.0,155.0,-189.0,0.0,hotter,1351.1568950353796
WASP-66 b,0.0546,0.0009,-0.0009,0.0,1.75,0.09,,0.0,6580.0,170.0,,0.0,hotter,1643.071279814107
Kepler-611 b,0.036,,,0.0,0.91,0.29,-0.29,0.0,5916.0,106.0,-106.0,0.0,hotter,1311.914157976586
HD 210277 b,1.13,0.02,-0.02,0.0,1.07,0.01,-0.01,0.0,5538.0,14.0,-14.0,0.0,temperate,237.6913768457381
Kepler-1636 b,1.12191,0.01165,-0.01165,0.0,1.239,0.091,-0.083,0.0,5726.0,60.0,-60.0,0.0,temperate,265.40909136042745
HAT-P-13 c,1.188,0.018,-0.033,0.0,1.56,0.08,-0.08,0.0,5653.0,90.0,-90.0,0.0,temperate,285.7201517696278
WASP-41 c,1.07,0.03,-0.03,0.0,0.87,0.03,-0.03,0.0,5545.0,33.0,-33.0,0.0,temperate,220.53478256701825
HD 43197 b,0.92,0.01,-0.02,0.0,1.0,0.01,-0.01,0.0,5508.0,46.0,-46.0,0.0,temperate,253.28404056229792
HD 28185 b,1.02,0.02,-0.02,0.0,1.03,0.01,-0.01,0.0,5662.0,11.0,-11.0,0.0,temperate,250.9552001588469
HD 92788 b,0.949,0.013,-0.013,0.0,1.161955,0.027366,-0.027366,0.0,5702.25,92.42,-92.42,0.0,temperate,278.3015403217915
HD 100777 b,1.03,0.03,-0.03,0.0,1.04,0.02,-0.02,0.0,5533.0,3.0,-3.0,0.0,temperate,245.22601193225026
TOI-4633 c,0.847,0.061,-0.061,0.0,1.05,0.05,-0.05,0.0,5800.0,50.0,-50.0,0.0,temperate,284.8319779658714
HD 159868 c,1.032,0.064,-0.064,0.0,2.13,,,0.0,5534.0,,,0.0,temperate,350.6686292420586
HD 108874 b,1.04,0.02,-0.02,0.0,1.05,0.02,-0.02,0.0,5600.0,37.0,-37.0,0.0,temperate,248.18401993276214
HD 44219 b,1.19,0.02,-0.02,0.0,1.32,0.07,-0.07,0.0,5752.0,16.0,-16.0,0.0,temperate,267.2022864695026
Kepler-1634 b,1.0525,,,0.0,1.354,0.341,-0.375,0.0,5636.0,171.0,-171.0,0.0,temperate,281.9532287286319
HD 134987 b,0.81,0.02,-0.02,0.0,1.25,0.04,-0.04,0.0,5585.0,50.0,-50.0,0.0,temperate,306.0155407575484
HD 154857 b,1.2,0.2,-0.2,0.0,2.27465,0.138611,-0.121852,0.0,5604.56,150.29,-132.28,0.0,temperate,340.34235399942656
Kepler-849 b,1.1084,,,0.0,1.886,0.351,-0.47,0.0,5858.0,126.0,-110.0,0.0,temperate,337.0386921030188
Kepler-22 b,0.8489,,,0.0,0.979,0.02,-0.02,0.0,5642.0,50.0,-50.0,0.0,temperate,267.24154185414653
TOI-2180 b,0.828,0.012,-0.012,0.0,1.636,0.033,-0.029,0.0,5695.0,58.0,-60.0,0.0,temperate,353.08398338342494
Kepler-452 b,0.994,,,0.0,0.798,0.15,-0.075,0.0,5579.0,150.0,-150.0,0.0,temperate,220.4816359788631
rho CrB d,0.827,0.011,-0.011,0.0,1.34,0.04,-0.04,0.0,5817.0,24.0,-24.0,0.0,temperate,326.59273224092317
HD 95544 b,3.386,0.075,-0.077,0.0,1.088,0.072,-0.072,0.0,5722.0,15.0,-15.0,0.0,cold,143.0627708022026
BD+20 2457 c,2.01,,,0.0,49.0,26.0,-26.0,0.0,4137.0,10.0,-10.0,0.0,hotter,900.9347533002
HD 156279 c,5.461,0.091,-0.095,0.0,0.966117,0.021775,-0.021775,0.0,5458.24,84.23,-84.23,0.0,cold,101.26029992385159
HD 204313 b,3.07,0.06,-0.06,0.0,1.1,0.02,-0.02,0.0,5783.0,29.0,-29.0,0.0,cold,152.6821106656138
HIP 114933 b,2.84,0.09,-0.09,0.0,5.27,0.05,-0.05,0.0,4823.0,59.0,-59.0,0.0,cold,289.78186778312266
47 UMa d,11.6,2.1,-2.9,0.0,1.21334,0.038883,-0.058353,0.0,5872.0,92.94,-113.53,0.0,cold,83.7637511118666
HD 211810 b,2.656,0.043,-0.043,0.0,1.13,1.13,-1.13,0.0,5652.0,,,0.0,cold,162.60546863559176
HD 66428 c,23.0,19.0,-7.6,0.0,1.169119,0.027387,-0.027387,0.0,5647.6,94.33,-94.33,0.0,cold,56.16130342949158
BD-11 4672 b,2.36,0.04,-0.04,0.0,0.639,0.02,-0.022,0.0,4550.0,110.0,-110.0,0.0,cold,104.4271996704863
HD 81817 b,3.3,0.1,-0.1,0.0,83.8,7.8,-7.8,0.0,4140.0,55.0,-55.0,0.0,hotter,920.1808446165587
HIP 67537 b,4.91,0.14,-0.13,0.0,8.69,0.88,-0.88,0.0,4985.0,100.0,-100.0,0.0,cold,292.5109394393751
GJ 849 b,2.32,0.11,-0.13,0.0,0.45,0.07,-0.07,0.0,3467.0,68.0,-68.0,0.0,cold,67.34787760019874
HD 92788 c,8.26,0.36,-0.28,0.0,1.161955,0.027366,-0.027366,0.0,5702.25,92.42,-92.42,0.0,cold,94.33192403611936
nu Oph c,6.1,,,0.0,15.1,1.1,,0.0,4928.0,25.0,,0.0,cold,341.98106709814823
HD 34445 b,2.07,0.02,-0.02,0.0,1.38,0.08,-0.08,0.0,5836.0,44.0,-44.0,0.0,cold,210.1732604310009
WASP-53 c,3.73,0.16,-0.14,-1.0,0.798,0.023,-0.023,0.0,4953.0,60.0,-60.0,0.0,cold,101.04693982575502
HD 98649 b,5.6,0.4,-0.4,0.0,1.0,,,0.0,5759.0,35.0,-35.0,0.0,cold,107.33982251574899
Pr0211 c,5.5,3.0,-1.4,0.0,0.827,0.012,-0.012,0.0,5300.0,30.0,-30.0,0.0,cold,90.64734479839089
HD 18015 b,3.87,0.32,-0.32,0.0,3.13,,,0.0,5603.0,,,0.0,cold,222.25171278964285
HD 159868 b,2.32,0.14,-0.14,0.0,2.13,,,0.0,5534.0,,,0.0,cold,233.8798313012185
HD 33844 c,2.24,0.05,-0.05,0.0,5.29,0.41,-0.41,0.0,4861.0,100.0,-100.0,0.0,cold,329.4862198529766
HIP 65891 b,2.81,0.09,-0.09,0.0,8.93,1.02,-1.02,0.0,5000.0,100.0,-100.0,0.0,cold,393.14284999693945
HD 219134 h,3.11,0.04,-0.04,0.0,0.77,0.02,-0.02,0.0,4913.0,,,0.0,cold,107.82506783336322
HD 213472 b,13.0,5.7,-2.6,0.0,1.433902,0.033486,-0.033486,0.0,5729.54,99.37,-99.37,0.0,cold,83.92969070426699
HD 152079 b,3.98,0.15,-0.15,0.0,1.15,0.13,-0.13,0.0,5726.0,100.0,-100.0,0.0,cold,135.758345218604
GJ 179 b,2.41,0.04,-0.04,0.0,0.38,0.02,-0.02,0.0,3370.0,100.0,-100.0,0.0,cold,59.02296002067631
HD 202696 c,2.342,0.034,-0.035,0.0,6.43,0.41,-0.39,0.0,5040.0,71.0,-85.0,0.0,cold,368.3412735631203
BD+49 828 b,4.2,0.32,-0.2,0.0,7.6,1.3,-1.3,0.0,4943.0,30.0,-30.0,0.0,cold,293.2787315230336
HD 72659 b,4.652,0.067,-0.068,0.0,1.522214,0.035865,-0.035865,0.0,5865.17,103.95,-103.95,0.0,cold,147.98115587551925
Kepler-56 d,2.16,0.08,-0.08,0.0,4.21799,,,0.0,4819.44,74.95,-74.95,0.0,cold,297.0504967682424
HD 9174 b,2.2,0.09,-0.09,0.0,1.67,0.07,-0.07,0.0,5577.0,100.0,-100.0,0.0,cold,214.31637134007428
HD 145934 b,4.73,0.2,-0.21,0.0,6.930587,0.171969,-0.171969,0.0,4823.75,78.09,-78.09,0.0,cold,257.5413920815943
HD 142245 b,2.78,0.09,-0.09,0.0,4.63,0.16,-0.16,0.0,4922.0,13.0,-13.0,0.0,cold,280.16734511969224
HD 29399 b,2.012,0.054,-0.054,0.0,4.845,0.082,-0.082,0.0,4845.0,52.0,-52.0,0.0,cold,331.61524806475444
HD 80869 b,2.878,0.045,-0.046,0.0,1.062,0.042,-0.042,0.0,5837.0,15.0,-15.0,0.0,cold,156.3919391802852
HD 207832 c,2.112,0.087,-0.045,0.0,0.901,0.056,-0.056,0.0,5710.0,81.0,-81.0,0.0,cold,164.49751992945116
HD 68988 c,13.2,5.3,-2.0,0.0,1.255733,0.028855,-0.028855,0.0,5883.41,103.85,-103.85,0.0,cold,80.0384390597
HIP 5158 c,7.7,1.88,-1.88,0.0,0.754089,0.0527,-0.085993,0.0,4813.0,207.69,-128.99,0.0,cold,66.43387879005658
HD 113538 c,2.43,0.06,-0.06,0.0,0.65,0.1,-0.1,0.0,4685.0,155.0,-155.0,0.0,cold,106.87372448944093
HD 238914 b,5.7,0.9,-0.9,0.0,12.73,3.89,-3.89,0.0,4769.0,15.0,-15.0,0.0,cold,314.34887053225543
HD 142022 A b,2.93,0.07,-0.07,0.0,1.04,0.03,-0.03,0.0,5421.0,77.0,-77.0,0.0,cold,142.45249973631195
HR 5183 b,25.0,19.0,-8.3,0.0,1.555268,0.036938,-0.036938,0.0,5833.8,99.91,-99.91,0.0,cold,64.17885398556659
HD 181433 d,3.29347,,,0.0,0.810841,0.067586,-0.048002,0.0,4929.63,127.52,-146.0,0.0,cold,107.88551179457843
gam Lib c,2.17,0.1,-0.1,0.0,11.1,1.1,-0.3,0.0,4822.0,15.0,-15.0,0.0,cold,481.023879189444
HD 145675 c,16.4,9.3,-4.3,0.0,0.995819,0.021652,-0.021652,0.0,5314.94,81.56,-81.56,0.0,cold,57.76628706366249
HD 171238 b,2.57,0.16,-0.16,0.0,1.01,0.07,-0.07,0.0,5440.0,,,0.0,cold,150.41835427260781
kap CrB b,2.7,,,0.0,4.83752,,,0.0,4871.0,25.0,-25.0,0.0,cold,287.5778563558589
TOI-2537 c,2.78,0.22,-0.15,0.0,0.771,0.039,-0.04,0.0,4870.0,150.0,-150.0,0.0,cold,113.12056356542635
HD 106270 b,4.3,0.4,-0.4,0.0,2.5,0.1,-0.1,0.0,5638.0,44.0,-44.0,0.0,cold,189.61323853786016
GJ 15 A c,5.4,1.0,-0.9,0.0,0.38,0.05,-0.05,0.0,3607.0,68.0,-68.0,0.0,cold,42.20353881162657
