pl_name,pl_orbsmax,pl_orbsmaxerr1,pl_orbsmaxerr2,pl_orbsmaxlim,st_rad,st_raderr1,st_raderr2,st_radlim,st_teff,st_tefferr1,st_tefferr2,st_tefflim,type
Kepler-645 b,0.0442,,,0.0,1.273,0.664,-0.227,0.0,6449.0,173.0,-227.0,0.0,hot
TOI-3919 b,0.0795,0.0014,-0.0016,0.0,1.319,0.052,-0.048,0.0,6100.0,110.0,-110.0,0.0,hot
Kepler-380 c,0.0758,,,0.0,1.191,0.186,-0.186,0.0,6038.0,121.0,-121.0,0.0,hot
Kepler-410 A b,0.1226,0.0047,-0.0047,0.0,1.42749,0.056457,-0.082478,0.0,6304.0,156.96,-125.63,0.0,hot
HATS-26 b,0.04735,0.00133,-0.00068,0.0,2.04,0.15,-0.11,0.0,6071.0,81.0,-81.0,0.0,hot
Kepler-105 c,0.07229,0.00081,-0.00081,0.0,1.026,0.025,-0.024,0.0,5933.0,60.0,-60.0,0.0,hot
Kepler-342 b,0.1291,,,0.0,1.369,0.228,-0.187,0.0,6297.0,113.0,-126.0,0.0,hot
Kepler-1278 b,0.0419,,,0.0,0.858,0.356,-0.066,0.0,6075.0,150.0,-168.0,0.0,hot
Kepler-1900 b,0.042,,,0.0,1.041,0.514,-0.097,0.0,6173.0,165.0,-220.0,0.0,hot
HAT-P-5 b,0.04075,0.00076,-0.00076,0.0,1.167,0.049,-0.049,0.0,5960.0,100.0,-100.0,0.0,hot
Kepler-1287 b,0.1001,,,0.0,0.929,0.384,-0.079,0.0,6032.0,156.0,-179.0,0.0,hot
Kepler-1824 b,0.4267,,,0.0,1.081,0.171,-0.061,0.0,6002.0,71.0,-89.0,0.0,hot
Kepler-359 d,0.372,,,0.0,1.086,0.503,-0.503,0.0,6248.0,250.0,-250.0,0.0,hot
Kepler-434 b,0.1143,0.003,-0.003,0.0,1.38,0.13,-0.13,0.0,5977.0,95.0,-95.0,0.0,hot
Kepler-288 d,0.2818,,,0.0,1.068,0.378,-0.167,0.0,5918.0,185.0,-193.0,0.0,hot
Kepler-286 c,0.0448,,,0.0,0.908,0.39,-0.074,0.0,5970.0,163.0,-182.0,0.0,hot
Kepler-722 c,0.4471,,,0.0,0.999,0.324,-0.094,0.0,6077.0,144.0,-199.0,0.0,hot
HATS-56 b,0.06043,0.00022,-0.00022,0.0,2.201,0.036,-0.036,0.0,6536.0,31.0,-31.0,0.0,hot
TOI-1338 b,0.4607,0.0084,-0.0088,0.0,1.331,0.024,-0.026,0.0,6050.0,80.0,-80.0,0.0,hot
Kepler-769 b,0.0763,,,0.0,1.009,0.41,-0.096,0.0,6225.0,156.0,-209.0,0.0,hot
Kepler-341 c,0.08,,,0.0,1.024,0.519,-0.519,0.0,6012.0,200.0,-200.0,0.0,hot
Kepler-874 b,0.232,,,0.0,1.03,0.43,-0.43,0.0,6061.0,107.0,-107.0,0.0,hot
Kepler-1511 b,0.1753,,,0.0,1.685,0.894,-0.468,0.0,6602.0,183.0,-259.0,0.0,hot
Kepler-1468 d,0.1434,,,0.0,0.976,0.404,-0.095,0.0,5973.0,161.0,-193.0,0.0,hot
WASP-3 b,0.03151,0.0015,-0.000987,0.0,1.36116,0.072646,-0.068309,0.0,6352.0,103.22,-185.11,0.0,hot
Kepler-1307 b,0.1369,,,0.0,1.065,0.339,-0.145,0.0,6245.0,175.0,-219.0,0.0,hot
Kepler-1398 b,0.039,,,0.0,0.981,0.417,-0.092,0.0,6245.0,158.0,-191.0,0.0,hot
HD 17156 b,0.15,,,0.0,1.47,0.07,-0.09,0.0,6079.0,56.0,-56.0,0.0,hot
Kepler-360 b,0.0436,,,0.0,1.028,0.427,-0.113,0.0,6052.0,162.0,-201.0,0.0,hot
Kepler-143 b,0.1239,,,0.0,1.037,0.398,-0.126,0.0,6010.0,154.0,-179.0,0.0,hot
Kepler-126 b,0.09712,0.00095,-0.00095,0.0,1.395,0.029,-0.029,0.0,6270.0,60.0,-60.0,0.0,hot
Kepler-130 b,0.0799,,,0.0,1.137,0.05,-0.046,0.0,5903.0,70.0,-79.0,0.0,hot
TOI-1052 b,0.09103,0.00062,-0.00063,0.0,1.264,0.033,-0.033,0.0,6146.0,62.0,-62.0,0.0,hot
Kepler-1182 b,0.0981,,,0.0,0.914,0.267,-0.089,0.0,5911.0,160.0,-195.0,0.0,hot
Kepler-312 c,0.1521,,,0.0,1.108,0.162,-0.076,0.0,6173.0,72.0,-132.0,0.0,hot
Kepler-385 c,0.1236,,,0.0,1.153,0.671,-0.144,0.0,6308.0,178.0,-246.0,0.0,hot
Kepler-1006 b,0.1464,,,0.0,1.175,0.617,-0.21,0.0,6327.0,301.0,-493.0,0.0,hot
Kepler-361 b,0.0838,,,0.0,1.267,0.237,-0.178,0.0,6178.0,111.0,-135.0,0.0,hot
HATS-3 b,0.0485,0.0004,-0.0006,0.0,1.404,0.03,-0.03,0.0,6351.0,76.0,-76.0,0.0,hot
Kepler-1812 b,0.0765,,,0.0,1.103,0.358,-0.128,0.0,6174.0,173.0,-260.0,0.0,hot
Kepler-1238 b,0.0546,,,0.0,1.198,0.879,-0.152,0.0,6337.0,161.0,-262.0,0.0,hot
Kepler-1838 b,0.1063,,,0.0,1.257,0.229,-0.176,0.0,6006.0,106.0,-124.0,0.0,hot
Kepler-908 b,0.0247,,,0.0,1.125,0.186,-0.093,0.0,5992.0,119.0,-119.0,0.0,hot
Kepler-288 b,0.0638,,,0.0,1.068,0.378,-0.167,0.0,5918.0,185.0,-193.0,0.0,hot
Kepler-111 b,0.0452,,,0.0,1.145,0.254,-0.11,0.0,5906.0,98.0,-127.0,0.0,hot
Kepler-458 c,0.15,,,0.0,1.04,0.35,-0.35,0.0,6081.0,90.0,-90.0,0.0,hot
Kepler-1876 b,0.0776,,,0.0,2.166,0.576,-0.947,0.0,6112.0,152.0,-170.0,0.0,hot
WTS-1 b,0.047,0.001,-0.001,0.0,1.15,0.1,-0.12,0.0,6250.0,200.0,-200.0,0.0,hot
Kepler-1368 b,0.0153,,,0.0,0.961,0.406,-0.086,0.0,5966.0,178.0,-211.0,0.0,hot
Kepler-937 b,0.3214,,,0.0,1.08,0.32,-0.172,0.0,6127.0,192.0,-213.0,0.0,hot
EPIC 246851721 b,0.07229,0.00074,-0.00075,0.0,1.586,0.034,-0.033,0.0,6202.0,52.0,-50.0,0.0,hot
Kepler-33 b,0.0677,0.0014,-0.0014,0.0,1.82,0.14,-0.18,0.0,5904.0,47.0,-47.0,0.0,hot
WASP-74 b,0.037,0.001,-0.001,0.0,1.64,0.05,-0.05,0.0,5970.0,110.0,-110.0,0.0,hot
HAT-P-60 b,0.06277,0.00017,-0.00017,0.0,2.197,0.027,-0.02,0.0,6212.0,26.0,-26.0,0.0,hot
Kepler-36 c,0.1284,,,0.0,1.626,0.019,-0.019,0.0,5911.0,66.0,-66.0,0.0,hot
HAT-P-49 b,0.0438,0.0005,-0.0005,0.0,1.833,0.138,-0.076,0.0,6820.0,52.0,-52.0,0.0,hot
WASP-136 b,0.0661,0.0012,-0.0012,0.0,2.21,0.22,-0.22,0.0,6260.0,100.0,-100.0,0.0,hot
Kepler-1443 b,0.0368,,,0.0,1.239,0.219,-0.135,0.0,6258.0,112.0,-124.0,0.0,hot
Kepler-297 b,0.228,,,0.0,1.04,0.478,-0.104,0.0,6150.0,151.0,-193.0,0.0,hot
Kepler-1516 b,0.0718,,,0.0,0.987,0.272,-0.146,0.0,5914.0,160.0,-178.0,0.0,hot
Kepler-79 d,0.2807,,,0.0,1.037,0.467,-0.098,0.0,6388.0,160.0,-214.0,0.0,hot
Kepler-1230 b,0.0921,,,0.0,1.115,0.594,-0.134,0.0,6165.0,156.0,-201.0,0.0,hot
Kepler-1510 b,0.3888,,,0.0,1.132,0.638,-0.134,0.0,6286.0,179.0,-239.0,0.0,hot
Kepler-132 d,0.1308,,,0.0,1.045,0.186,-0.116,0.0,5921.0,114.0,-117.0,0.0,hot
Kepler-945 b,0.2014,,,0.0,1.03,0.378,-0.086,0.0,6108.0,143.0,-226.0,0.0,hot
Kepler-810 b,0.055,,,0.0,0.959,0.364,-0.086,0.0,5999.0,163.0,-205.0,0.0,hot
NGTS-23 b,0.0504,0.012,-0.012,0.0,1.24,0.03,-0.03,0.0,6057.0,64.0,-64.0,0.0,hot
TOI-4153 b,0.06311,0.00084,-0.00096,0.0,1.605,0.048,-0.046,0.0,6860.0,150.0,-180.0,0.0,hot
Kepler-1915 b,0.1143,,,0.0,1.056,0.452,-0.124,0.0,6031.0,170.0,-222.0,0.0,hot
Kepler-1916 b,0.2061,,,0.0,1.145,0.621,-0.137,0.0,6215.0,175.0,-234.0,0.0,hot
Kepler-154 d,0.148,,,0.0,0.93,0.29,-0.29,0.0,5987.0,83.0,-83.0,0.0,hot
OGLE2-TR-L9 b,0.0308,0.0005,-0.0005,0.0,1.53,0.04,-0.04,0.0,6933.0,58.0,-58.0,0.0,hot
Kepler-838 b,0.1266,,,0.0,1.021,0.447,-0.093,0.0,6178.0,155.0,-196.0,0.0,hot
Kepler-403 b,0.075,,,0.0,1.06,0.41,-0.41,0.0,6303.0,69.0,-69.0,0.0,hot
Kepler-1144 b,0.1264,,,0.0,0.855,0.368,-0.076,0.0,5978.0,185.0,-192.0,0.0,hot
HATS-52 b,0.02498,0.0004,-0.0004,0.0,1.046,0.058,-0.058,0.0,6010.0,150.0,-150.0,0.0,hot
Kepler-480 b,0.06,,,0.0,1.168,0.596,-0.14,0.0,6495.0,146.0,-220.0,0.0,hot
Kepler-374 c,0.0416,,,0.0,0.9,0.361,-0.094,0.0,5975.0,166.0,-168.0,0.0,hot
HAT-P-30 b,0.0419,0.00046,-0.00046,0.0,1.215,0.051,-0.051,0.0,6304.0,88.0,-88.0,0.0,hot
Kepler-128 b,0.12545,0.00206,-0.00206,0.0,1.66,0.038,-0.037,0.0,6081.0,60.0,-60.0,0.0,hot
HD 68988 b,0.07,0.0,0.0,0.0,1.19,0.02,-0.02,0.0,5932.0,23.0,-23.0,0.0,hot
WASP-101 b,0.05057,0.00085,-0.0009,0.0,1.29,0.04,-0.04,0.0,6380.0,120.0,-120.0,0.0,hot
HATS-65 b,0.04497,0.00033,-0.00033,0.0,1.31,0.027,-0.027,0.0,6277.0,30.0,-30.0,0.0,hot
Kepler-1602 b,0.1008,,,0.0,1.031,0.444,-0.086,0.0,6258.0,157.0,-177.0,0.0,hot
Kepler-1931 b,0.2322,,,0.0,1.402,0.717,-0.312,0.0,6478.0,157.0,-202.0,0.0,hot
Kepler-1584 b,0.1187,,,0.0,1.171,0.61,-0.146,0.0,6418.0,152.0,-247.0,0.0,hot
Kepler-300 b,0.0926,,,0.0,0.881,0.26,-0.081,0.0,5968.0,161.0,-179.0,0.0,hot
Kepler-1457 b,0.2668,,,0.0,0.881,0.246,-0.077,0.0,5968.0,143.0,-178.0,0.0,hot
Kepler-1051 b,0.18395,0.00111,-0.00111,0.0,1.405,0.036,-0.035,0.0,6417.0,60.0,-60.0,0.0,hot
Kepler-431 d,0.1054,,,0.0,1.682,0.756,-0.56,0.0,6293.0,158.0,-181.0,0.0,hot
Kepler-422 b,0.082,0.011,-0.01,0.0,1.24,0.12,-0.12,0.0,5972.0,84.0,-84.0,0.0,hot
Kepler-1713 b,0.14185,0.00116,-0.00116,0.0,1.432,0.03,-0.03,0.0,6302.0,60.0,-60.0,0.0,hot
Kepler-873 b,0.1568,,,0.0,1.137,0.6,-0.131,0.0,6343.0,153.0,-237.0,0.0,hot
Kepler-982 b,0.1287,,,0.0,1.614,0.806,-0.495,0.0,6260.0,190.0,-230.0,0.0,hot
Kepler-355 c,0.176,,,0.0,1.03,0.3,-0.3,0.0,5929.0,200.0,-200.0,0.0,hot
Kepler-881 b,0.0546,,,0.0,1.033,0.452,-0.087,0.0,6210.0,166.0,-192.0,0.0,hot
Kepler-616 b,0.0927,,,0.0,0.977,0.385,-0.087,0.0,6004.0,158.0,-197.0,0.0,hot
Kepler-216 b,0.0785,,,0.0,1.031,0.461,-0.096,0.0,6277.0,153.0,-197.0,0.0,hot
Kepler-672 b,0.2288,,,0.0,0.971,0.386,-0.086,0.0,5957.0,162.0,-206.0,0.0,hot
Kepler-1054 b,0.05542,0.00036,-0.00036,0.0,1.386,0.042,-0.041,0.0,5909.0,60.0,-60.0,0.0,hot
Kepler-276 b,0.1181,,,0.0,1.026,0.449,-0.097,0.0,6102.0,157.0,-224.0,0.0,hot
Kepler-1922 b,0.1077,,,0.0,0.863,0.231,-0.077,0.0,5931.0,161.0,-178.0,0.0,hot
WASP-100 b,0.04574,0.00093,-0.001,0.0,2.0,0.3,-0.3,0.0,6900.0,120.0,-120.0,0.0,hot
Kepler-323 b,0.029,,,0.0,1.4,0.53,-0.53,0.0,6255.0,83.0,-83.0,0.0,hot
Kepler-1787 b,0.227,,,0.0,0.925,0.319,-0.082,0.0,6060.0,145.0,-177.0,0.0,hot
HAT-P-8 b,0.0487,0.0026,-0.0026,0.0,1.58,0.08,,0.0,6200.0,80.0,,0.0,hot
Kepler-365 c,0.1351,,,0.0,1.03,0.438,-0.11,0.0,6011.0,161.0,-201.0,0.0,hot
Kepler-182 b,0.0949,,,0.0,1.092,0.365,-0.122,0.0,6246.0,167.0,-223.0,0.0,hot
Kepler-392 b,0.05721,0.00051,-0.00051,0.0,1.141,0.028,-0.027,0.0,5951.0,60.0,-60.0,0.0,hot
KELT-24 b,0.06969,0.00087,-0.00096,0.0,1.506,0.022,-0.022,0.0,6509.0,50.0,-49.0,0.0,hot
Kepler-1911 b,0.067,,,0.0,1.683,0.754,-0.569,0.0,6237.0,188.0,-235.0,0.0,hot
Kepler-529 b,0.032,,,0.0,1.04,0.3,-0.3,0.0,6278.0,73.0,-73.0,0.0,hot
Kepler-1667 b,0.386,,,0.0,1.401,0.798,-0.331,0.0,6190.0,158.0,-178.0,0.0,hot
TOI-4791 b,0.0555,0.0011,-0.0012,0.0,1.409,0.039,-0.038,0.0,6058.0,99.0,-94.0,0.0,hot
HAT-P-58 b,0.04994,0.00044,-0.00044,0.0,1.53,0.034,-0.034,0.0,6078.0,48.0,-48.0,0.0,hot
Kepler-1486 b,0.2898,,,0.0,1.066,0.548,-0.111,0.0,6112.0,165.0,-233.0,0.0,hot
Kepler-109 c,0.1521,,,0.0,1.323,0.037,-0.037,0.0,5952.0,75.0,-75.0,0.0,hot
WASP-92 b,0.0348,0.00036,-0.00036,0.0,1.341,0.058,-0.058,0.0,6280.0,120.0,-120.0,0.0,hot
HD 10180 c,0.06412,0.00101,-0.00101,0.0,1.109,0.036,-0.036,0.0,5911.0,19.0,-19.0,0.0,hot
Kepler-355 b,0.1003,,,0.0,1.038,0.532,-0.099,0.0,6184.0,173.0,-238.0,0.0,hot
Kepler-50 b,0.082,,,0.0,1.88,0.26,-0.26,0.0,6058.0,52.0,-52.0,0.0,hot
Kepler-1937 b,0.0915,0.00098,-0.00098,0.0,1.095,0.032,-0.031,0.0,5970.0,60.0,-60.0,0.0,hot
Kepler-145 b,0.17308,0.00276,-0.00276,0.0,1.871,0.048,-0.047,0.0,6110.0,60.0,-60.0,0.0,hot
Kepler-1115 b,0.2134,,,0.0,2.286,1.079,-0.578,0.0,9565.0,295.0,-401.0,0.0,hot
Kepler-618 b,0.0468,,,0.0,1.011,0.465,-0.095,0.0,6108.0,152.0,-200.0,0.0,hot
Kepler-217 c,0.09057,0.00053,-0.00053,0.0,1.754,0.046,-0.045,0.0,6554.0,60.0,-60.0,0.0,hot
Kepler-1518 c,0.0905,,,0.0,1.345,0.382,-0.313,0.0,6432.0,155.0,-214.0,0.0,hot
TOI-5027 b,0.093,0.005,-0.004,0.0,0.92,0.04,-0.04,0.0,5909.0,145.0,-144.0,0.0,hot
WASP-61 b,0.0514,0.0009,-0.0009,0.0,1.36,0.03,,0.0,6320.0,140.0,,0.0,hot
Kepler-289 d,0.33,0.02,-0.02,0.0,1.0,0.02,-0.02,0.0,5990.0,38.0,-38.0,0.0,hot
HD 77946 b,0.073,0.001,-0.01,0.0,1.3174,0.0249,-0.0142,0.0,6007.0,83.0,-88.0,0.0,hot
Kepler-1586 b,0.13,,,0.0,2.106,0.637,-0.908,0.0,6245.0,180.0,-202.0,0.0,hot
Kepler-117 b,0.14623,0.0018,-0.0018,0.0,1.568,0.056,-0.054,0.0,6085.0,60.0,-60.0,0.0,hot
Kepler-1349 b,0.0338,,,0.0,1.36,0.05,-0.08,0.0,5998.0,57.0,-57.0,0.0,hot
KOI-2513.01,0.1412,,,0.0,1.036,0.464,-0.108,0.0,6347.0,167.0,-222.0,0.0,hot
Kepler-1249 b,0.167,,,0.0,0.967,0.344,-0.091,0.0,6091.0,156.0,-201.0,0.0,hot
TOI-1408 c,0.03587,8e-05,-8e-05,0.0,1.53,0.02,-0.02,0.0,6117.0,31.0,-31.0,0.0,hot
Kepler-84 f,0.2465,,,0.0,1.022,0.41,-0.115,0.0,6028.0,161.0,-196.0,0.0,hot
Kepler-347 b,0.1097,,,0.0,0.998,0.385,-0.094,0.0,6092.0,144.0,-198.0,0.0,hot
HAT-P-23 b,0.0232,0.00024,-0.00024,0.0,1.203,0.074,-0.074,0.0,5905.0,80.0,-80.0,0.0,hot
Kepler-1093 b,0.1685,,,0.0,1.262,0.532,-0.242,0.0,6429.0,190.0,-242.0,0.0,hot
Kepler-1106 b,0.0229,,,0.0,0.955,0.344,-0.089,0.0,6231.0,155.0,-200.0,0.0,hot
HAT-P-29 b,0.06669,0.00084,-0.00086,0.0,1.224,0.13,-0.075,0.0,6087.0,88.0,-88.0,0.0,hot
Kepler-1572 b,0.0614,,,0.0,1.392,0.708,-0.345,0.0,6157.0,194.0,-221.0,0.0,hot
Kepler-277 c,0.2095,,,0.0,1.692,0.42,-0.363,0.0,5941.0,121.0,-113.0,0.0,hot
Kepler-1422 b,0.1505,,,0.0,1.298,0.606,-0.224,0.0,6616.0,161.0,-323.0,0.0,hot
KOI-351 c,0.0821,,,0.0,1.054,0.408,-0.141,0.0,6238.0,195.0,-227.0,0.0,hot
HATS-39 b,0.06007,0.00058,-0.00058,0.0,1.621,0.085,-0.085,0.0,6572.0,83.0,-83.0,0.0,hot
Kepler-890 b,0.2948,,,0.0,1.154,0.746,-0.132,0.0,6244.0,151.0,-241.0,0.0,hot
Kepler-1293 b,0.065,,,0.0,1.155,0.715,-0.128,0.0,6528.0,161.0,-214.0,0.0,hot
Kepler-31 d,0.39,,,0.0,1.306,0.302,-0.302,0.0,6034.0,168.0,-168.0,0.0,hot
Kepler-1181 b,0.0621,,,0.0,1.319,0.999,-0.205,0.0,6680.0,177.0,-299.0,0.0,hot
Kepler-529 c,0.1065,,,0.0,0.886,0.34,-0.065,0.0,6248.0,154.0,-184.0,0.0,hot
Kepler-1818 b,0.055,,,0.0,1.129,0.504,-0.158,0.0,6047.0,153.0,-186.0,0.0,hot
Kepler-534 c,0.0761,,,0.0,0.965,0.147,-0.045,0.0,5936.0,102.0,-131.0,0.0,hot
WASP-88 b,0.06438,0.00073,-0.00074,0.0,2.08,0.12,-0.06,0.0,6430.0,130.0,-130.0,0.0,hot
Kepler-1732 b,0.2015,,,0.0,0.973,0.419,-0.09,0.0,6000.0,158.0,-193.0,0.0,hot
HAT-P-57 b,0.0406,0.0011,-0.0011,0.0,1.5,0.05,-0.05,0.0,7500.0,250.0,-250.0,0.0,hot
HD 28109 b,0.1357,0.0034,-0.0034,0.0,1.446,0.035,-0.035,0.0,6120.0,50.0,-50.0,0.0,hot
K2-278 b,0.0488,0.0009,-0.0009,0.0,1.61,0.05,-0.05,0.0,6747.0,383.0,-383.0,0.0,hot
Kepler-744 b,0.1049,,,0.0,1.592,0.711,-0.504,0.0,5957.0,169.0,-181.0,0.0,hot
TOI-5153 b,0.158,0.006,-0.006,0.0,1.4,0.04,-0.04,0.0,6300.0,80.0,-80.0,0.0,hot
Kepler-318 b,0.0566,,,0.0,1.47,0.717,-0.384,0.0,5903.0,165.0,-180.0,0.0,hot
Kepler-1381 b,0.1728,,,0.0,0.994,0.374,-0.092,0.0,6137.0,148.0,-202.0,0.0,hot
Kepler-132 e,0.4393,,,0.0,1.101,0.157,-0.173,0.0,5931.0,107.0,-118.0,0.0,hot
WASP-94 B b,0.0335,0.0006,-0.0005,0.0,1.35,0.12,-0.12,0.0,6040.0,90.0,-90.0,0.0,hot
Kepler-1204 b,0.385,,,0.0,1.07,0.47,-0.47,0.0,6065.0,125.0,-125.0,0.0,hot
Kepler-203 c,0.06,,,0.0,0.91,0.63,-0.63,0.0,5924.0,94.0,-94.0,0.0,hot
HD 213885 b,0.02012,0.00015,-0.00012,0.0,1.1011,0.008,-0.0075,0.0,5978.0,50.0,-50.0,0.0,hot
WASP-68 b,0.06219,0.00049,-0.00051,0.0,1.69,0.11,-0.06,0.0,5910.0,60.0,-60.0,0.0,hot
Kepler-893 b,0.0699,,,0.0,1.03,0.495,-0.093,0.0,6108.0,163.0,-230.0,0.0,hot
Kepler-941 b,0.1311,,,0.0,0.969,0.386,-0.103,0.0,6018.0,177.0,-211.0,0.0,hot
WASP-171 b,0.0504,0.00083,-0.00083,0.0,1.637,0.091,-0.046,0.0,5965.0,100.0,-100.0,0.0,hot
TOI-778 b,0.06,0.003,-0.003,0.0,1.71,0.05,-0.05,0.0,6643.0,150.0,-150.0,0.0,hot
Kepler-1154 c,0.0837,,,0.0,1.022,0.378,-0.093,0.0,6163.0,155.0,-199.0,0.0,hot
Kepler-79 e,0.39,,,0.0,1.403,0.252,-0.252,0.0,6189.0,100.0,-100.0,0.0,hot
WASP-24 b,0.03635,0.00079,-0.00079,0.0,1.317,0.041,-0.041,0.0,6107.0,77.0,-77.0,0.0,hot
Kepler-1494 b,0.3982,,,0.0,1.008,0.417,-0.111,0.0,5915.0,178.0,-208.0,0.0,hot
Kepler-433 b,0.0679,0.0027,-0.0027,0.0,2.26,0.25,-0.25,0.0,6360.0,140.0,-140.0,0.0,hot
Kepler-1431 b,0.064,,,0.0,1.0,0.45,-0.45,0.0,5969.0,133.0,-133.0,0.0,hot
Kepler-1272 b,0.272,,,0.0,1.12,0.52,-0.52,0.0,6057.0,123.0,-123.0,0.0,hot
K2-75 b,0.081,0.0014,-0.0014,0.0,1.56,0.15,-0.15,0.0,5995.0,94.0,-94.0,0.0,hot
Kepler-1738 b,0.0781,,,0.0,1.001,0.318,-0.106,0.0,6063.0,190.0,-232.0,0.0,hot
Kepler-714 b,0.0832,,,0.0,1.076,0.353,-0.118,0.0,6214.0,174.0,-217.0,0.0,hot
Kepler-1211 b,0.099,,,0.0,0.95,0.46,-0.46,0.0,6054.0,112.0,-112.0,0.0,hot
Kepler-1769 b,0.406,,,0.0,1.17,0.47,-0.47,0.0,6278.0,71.0,-71.0,0.0,hot
Kepler-1578 b,0.0252,,,0.0,1.023,0.322,-0.138,0.0,6046.0,189.0,-210.0,0.0,hot
TOI-1744.01,0.164086,0.007321,-0.00801,0.0,1.14,0.05,-0.05,0.0,6179.0,125.0,-125.0,0.0,hot
KELT-10 b,0.0525,0.00086,-0.00097,0.0,1.209,0.047,-0.035,0.0,5948.0,74.0,-74.0,0.0,hot
Kepler-1370 c,0.08084,0.00033,-0.00033,0.0,1.466,0.039,-0.038,0.0,6190.0,60.0,-60.0,0.0,hot
Kepler-122 b,0.064,,,0.0,1.216,0.239,-0.239,0.0,6050.0,137.0,-137.0,0.0,hot
Kepler-164 e,0.41214,0.00432,-0.00432,0.0,1.022,0.028,-0.028,0.0,5923.0,60.0,-60.0,0.0,hot
Kepler-416 c,0.1038,,,0.0,1.075,0.431,-0.144,0.0,5977.0,177.0,-213.0,0.0,hot
HAT-P-67 b,0.06505,0.00273,-0.00079,0.0,2.546,0.099,-0.084,0.0,6406.0,65.0,-61.0,0.0,hot
KOI-351 e,0.416,,,0.0,1.07,0.46,-0.46,0.0,6330.0,86.0,-86.0,0.0,hot
Kepler-122 c,0.1051,,,0.0,1.191,0.189,-0.189,0.0,6038.0,121.0,-121.0,0.0,hot
Kepler-1025 b,0.228,,,0.0,1.06,0.41,-0.41,0.0,6290.0,75.0,-75.0,0.0,hot
HAT-P-7 b,0.0376,,,0.0,1.952,0.099,-0.11,0.0,6440.0,76.0,-89.0,0.0,hot
Kepler-59 b,0.104,,,0.0,1.006,0.312,-0.111,0.0,6296.0,169.0,-207.0,0.0,hot
Kepler-1921 c,0.0454,,,0.0,2.0,0.665,-0.793,0.0,6120.0,185.0,-221.0,0.0,hot
HD 22946 d,0.2958,0.0044,-0.0042,0.0,1.117,0.009,-0.009,0.0,6169.0,64.0,-64.0,0.0,hot
Kepler-1102 b,0.2731,,,0.0,1.119,0.532,-0.147,0.0,6119.0,151.0,-195.0,0.0,hot
Kepler-24 c,0.10612,0.00115,-0.00115,0.0,1.084,0.041,-0.04,0.0,6022.0,60.0,-60.0,0.0,hot
Kepler-5 b,0.05064,0.0007,-0.0007,0.0,1.793,0.043,-0.062,0.0,6297.0,60.0,-60.0,0.0,hot
Kepler-1100 b,0.0689,,,0.0,0.989,0.433,-0.091,0.0,6201.0,153.0,-191.0,0.0,hot
Kepler-7 b,0.06224,0.00109,-0.00084,0.0,1.843,0.048,-0.066,0.0,5933.0,44.0,-44.0,0.0,hot
Kepler-328 b,0.2199,,,0.0,1.069,0.323,-0.129,0.0,6194.0,196.0,-295.0,0.0,hot
Kepler-1620 b,0.4322,,,0.0,1.054,0.489,-0.113,0.0,6210.0,163.0,-206.0,0.0,hot
MASCARA-4 b,0.047,0.004,-0.004,0.0,1.92,0.11,-0.11,0.0,7800.0,200.0,-200.0,0.0,hot
Kepler-140 b,0.0443,,,0.0,1.089,0.174,-0.094,0.0,5945.0,106.0,-130.0,0.0,hot
WASP-184 b,0.0627,0.0012,-0.0012,0.0,1.65,0.09,-0.09,0.0,6000.0,100.0,-100.0,0.0,hot
Kepler-279 d,0.2901,,,0.0,1.067,0.426,-0.102,0.0,6781.0,157.0,-230.0,0.0,hot
Kepler-464 b,0.077,,,0.0,1.27,0.17,-0.17,0.0,5919.0,50.0,-50.0,0.0,hot
TOI-4137 b,0.05222,0.00089,-0.00096,0.0,1.438,0.039,-0.038,0.0,6202.0,94.0,-90.0,0.0,hot
Kepler-282 d,0.1648,,,0.0,0.887,0.361,-0.07,0.0,6102.0,163.0,-178.0,0.0,hot
Kepler-336 b,0.0307,,,0.0,0.865,0.373,-0.068,0.0,6029.0,153.0,-165.0,0.0,hot
TOI-6016 b,0.055,0.002,-0.002,0.0,1.51,0.03,-0.03,0.0,6110.0,50.0,-50.0,0.0,hot
Kepler-193 b,0.1058,,,0.0,1.137,0.618,-0.13,0.0,6343.0,152.0,-244.0,0.0,hot
TOI-4495.01,0.061732577,,,0.0,1.34,,,0.0,6156.0,,,0.0,hot
Kepler-981 b,0.0535,,,0.0,0.934,0.351,-0.084,0.0,5988.0,149.0,-187.0,0.0,hot
WASP-87 b,0.02946,0.00075,-0.00075,0.0,1.627,0.062,-0.062,0.0,6450.0,120.0,-120.0,0.0,hot
Kepler-987 b,0.442,,,0.0,0.93,0.42,-0.42,0.0,5993.0,108.0,-108.0,0.0,hot
Kepler-168 b,0.0543,,,0.0,1.119,0.621,-0.124,0.0,6251.0,170.0,-208.0,0.0,hot
Kepler-1488 c,0.0656,,,0.0,1.135,0.472,-0.17,0.0,6035.0,150.0,-176.0,0.0,hot
Kepler-457 d,0.0996,,,0.0,1.242,0.38,-0.205,0.0,6474.0,159.0,-250.0,0.0,hot
Kepler-502 b,0.0532,,,0.0,1.031,0.451,-0.092,0.0,6225.0,156.0,-203.0,0.0,hot
K2-79 b,0.0987,0.0012,-0.0012,0.0,1.28,0.12,-0.12,0.0,5926.0,86.0,-86.0,0.0,hot
Kepler-1502 b,0.2482,,,0.0,1.155,0.543,-0.139,0.0,6446.0,154.0,-234.0,0.0,hot
TOI-6038 A b,0.069,0.0012,-0.0011,0.0,1.648,0.045,-0.035,0.0,6110.0,100.0,-100.0,0.0,hot
Kepler-910 b,0.0376,,,0.0,1.506,0.035,-0.035,0.0,6173.0,93.0,-93.0,0.0,hot
Kepler-381 b,0.0672,,,0.0,2.058,0.722,-0.781,0.0,6550.0,185.0,-247.0,0.0,hot
Kepler-1884 b,0.0845,,,0.0,0.906,0.379,-0.076,0.0,5984.0,171.0,-187.0,0.0,hot
Kepler-1015 b,0.1396,,,0.0,1.904,0.388,-0.534,0.0,6384.0,70.0,-89.0,0.0,hot
Kepler-228 b,0.0374,,,0.0,0.972,0.414,-0.09,0.0,6046.0,163.0,-217.0,0.0,hot
Kepler-1407 b,0.1502,,,0.0,1.513,0.256,-0.313,0.0,5902.0,70.0,-79.0,0.0,hot
K2-166 b,0.0858,0.001,-0.0009,0.0,1.61,0.04,-0.04,0.0,5960.0,52.0,-53.0,0.0,hot
Kepler-750 b,0.091,,,0.0,1.02,0.3,-0.3,0.0,6243.0,200.0,-200.0,0.0,hot
Kepler-400 b,0.0869,,,0.0,1.146,0.633,-0.15,0.0,6099.0,146.0,-190.0,0.0,hot
Kepler-275 d,0.2178,,,0.0,1.33,0.225,-0.225,0.0,6157.0,123.0,-123.0,0.0,hot
Kepler-164 d,0.18695,0.00197,-0.00197,0.0,1.022,0.028,-0.028,0.0,5923.0,60.0,-60.0,0.0,hot
Kepler-1344 b,0.057,,,0.0,1.13,0.3,-0.3,0.0,5986.0,200.0,-200.0,0.0,hot
Kepler-1156 b,0.1025,,,0.0,0.945,0.382,-0.086,0.0,6061.0,145.0,-181.0,0.0,hot
Kepler-122 d,0.1533,,,0.0,0.949,0.327,-0.088,0.0,6103.0,143.0,-186.0,0.0,hot
KOI-351 f,0.484,,,0.0,1.054,0.408,-0.141,0.0,6238.0,195.0,-227.0,0.0,hot
Kepler-1433 b,0.0523,,,0.0,1.045,0.528,-0.094,0.0,6164.0,159.0,-201.0,0.0,hot
Kepler-885 b,0.1432,,,0.0,1.36,0.244,-0.199,0.0,6109.0,110.0,-134.0,0.0,hot
Kepler-1597 b,0.0427,,,0.0,1.173,0.56,-0.143,0.0,6484.0,155.0,-225.0,0.0,hot
Kepler-291 b,0.0469,,,0.0,0.986,0.302,-0.101,0.0,5993.0,190.0,-232.0,0.0,hot
CoRoT-35 b,0.0429,0.00092,-0.00092,0.0,1.65,0.1,-0.11,0.0,6390.0,130.0,-130.0,0.0,hot
K2-243 b,0.1087,0.0014,-0.0014,0.0,1.39,0.03,-0.03,0.0,6570.0,269.0,-171.0,0.0,hot
WASP-169 b,0.0681,0.0014,-0.0014,0.0,2.011,0.188,-0.089,0.0,6110.0,101.0,-101.0,0.0,hot
Kepler-918 b,0.0571,,,0.0,0.97,0.403,-0.091,0.0,6061.0,161.0,-208.0,0.0,hot
Kepler-1696 b,0.3245,,,0.0,0.96,0.345,-0.09,0.0,5982.0,161.0,-205.0,0.0,hot
TOI-3837 b,0.099,0.006,-0.005,0.0,1.2,0.06,-0.05,0.0,5905.0,157.0,-155.0,0.0,hot
Kepler-282 e,0.252,,,0.0,0.99,0.38,-0.38,0.0,6144.0,95.0,-95.0,0.0,hot
K2-63 b,0.1627,0.0097,-0.0097,0.0,1.63,0.48,-0.48,0.0,6771.0,303.0,-303.0,0.0,hot
Kepler-348 b,0.0778,,,0.0,1.402,0.267,-0.178,0.0,6388.0,115.0,-140.0,0.0,hot
Kepler-450 d,0.0825,,,0.0,1.57,0.085,-0.085,0.0,6215.0,89.0,-89.0,0.0,hot
TrES-4 b,0.0502,0.001,-0.001,0.0,1.834,0.087,-0.087,0.0,6200.0,75.0,-75.0,0.0,hot
Kepler-1297 b,0.0275,,,0.0,1.035,0.4,-0.126,0.0,6214.0,169.0,-197.0,0.0,hot
Kepler-372 c,0.154,,,0.0,1.137,0.488,-0.488,0.0,6509.0,200.0,-200.0,0.0,hot
Kepler-1346 b,0.044,,,0.0,0.906,0.373,-0.075,0.0,6177.0,165.0,-186.0,0.0,hot
Kepler-116 c,0.1153,,,0.0,1.173,0.768,-0.136,0.0,6484.0,166.0,-218.0,0.0,hot
NGTS-20 b,0.313,0.013,-0.013,0.0,1.78,0.05,-0.05,0.0,5980.0,80.0,-80.0,0.0,hot
HR 858 c,0.0687,0.00092,-0.00092,0.0,1.258,0.019,-0.019,0.0,6354.0,70.0,-70.0,0.0,hot
Kepler-1675 b,0.313,,,0.0,0.97,0.4,-0.4,0.0,6000.0,99.0,,0.0,hot
Kepler-394 b,0.083,,,0.0,1.132,0.58,-0.58,0.0,6402.0,200.0,-200.0,0.0,hot
Kepler-173 b,0.0476,,,0.0,0.935,0.373,-0.148,0.0,6032.0,176.0,-158.0,0.0,hot
Kepler-79 b,0.11929,0.00111,-0.00111,0.0,1.316,0.038,-0.037,0.0,6389.0,60.0,-60.0,0.0,hot
Kepler-1468 b,0.0805,,,0.0,0.976,0.404,-0.095,0.0,5973.0,161.0,-193.0,0.0,hot
K2-34 b,0.0442,0.002,-0.002,0.0,1.42,0.06,-0.05,0.0,6168.0,46.0,-76.0,0.0,hot
Kepler-136 c,0.134,,,0.0,1.21,0.11,-0.11,0.0,6158.0,58.0,-58.0,0.0,hot
TOI-1859 b,0.337,0.044,-0.036,0.0,1.36,0.1,-0.12,0.0,6341.0,68.0,-70.0,0.0,hot
Kepler-677 b,0.069,,,0.0,1.04,0.47,-0.47,0.0,6014.0,102.0,-102.0,0.0,hot
Kepler-132 b,0.0641,,,0.0,1.045,0.186,-0.116,0.0,5921.0,114.0,-117.0,0.0,hot
Kepler-1833 b,0.0771,,,0.0,1.446,0.248,-0.203,0.0,6164.0,110.0,-135.0,0.0,hot
WASP-38 b,0.07522,0.00074,-0.00075,0.0,1.331,0.03,,0.0,6150.0,80.0,,0.0,hot
Kepler-485 b,0.0443,,,0.0,1.029,0.465,-0.093,0.0,6109.0,162.0,-210.0,0.0,hot
HD 13908 b,0.154,0.0025,-0.0025,0.0,1.67,0.1,-0.1,0.0,6255.0,66.0,-66.0,0.0,hot
Kepler-529 d,0.2134,,,0.0,1.189,0.197,-0.178,0.0,6078.0,121.0,-133.0,0.0,hot
Kepler-1193 b,0.0397,,,0.0,1.047,0.456,-0.11,0.0,6072.0,141.0,-181.0,0.0,hot
Kepler-1714 b,0.1055,,,0.0,2.114,0.042,-0.042,0.0,6174.0,92.0,-92.0,0.0,hot
K2-290 b,0.0923,0.0066,-0.0066,0.0,1.511,0.075,-0.072,0.0,6302.0,120.0,-120.0,0.0,hot
Kepler-146 b,0.1931,,,0.0,1.06,0.426,-0.131,0.0,6197.0,161.0,-195.0,0.0,hot
Kepler-1857 b,0.0807,,,0.0,1.005,0.347,-0.155,0.0,6074.0,171.0,-173.0,0.0,hot
Kepler-175 c,0.209,,,0.0,0.95,0.38,-0.38,0.0,6029.0,109.0,-109.0,0.0,hot
Kepler-1875 b,0.2039,,,0.0,0.851,0.344,-0.06,0.0,6150.0,166.0,-181.0,0.0,hot
Kepler-1472 b,0.2335,,,0.0,1.164,0.558,-0.15,0.0,6425.0,137.0,-258.0,0.0,hot
Kepler-187 c,0.095,,,0.0,1.15,0.44,-0.44,0.0,5973.0,105.0,-105.0,0.0,hot
TOI-628 b,0.0486,0.0008,-0.00094,0.0,1.345,0.046,-0.04,0.0,6250.0,220.0,-190.0,0.0,hot
Kepler-625 b,0.0807,,,0.0,1.072,0.25,-0.051,0.0,6077.0,98.0,-135.0,0.0,hot
Kepler-24 e,0.1378,,,0.0,1.088,0.401,-0.16,0.0,6038.0,164.0,-191.0,0.0,hot
Kepler-1226 b,0.135,,,0.0,1.01,0.44,-0.44,0.0,6197.0,88.0,-88.0,0.0,hot
Kepler-135 c,0.1054,,,0.0,1.209,0.891,-0.159,0.0,6388.0,141.0,-225.0,0.0,hot
Kepler-402 c,0.0684,,,0.0,1.215,0.684,-0.17,0.0,6522.0,158.0,-206.0,0.0,hot
Kepler-990 b,0.089,,,0.0,0.926,0.372,-0.091,0.0,5953.0,158.0,-175.0,0.0,hot
WASP-31 b,0.04663,0.00034,-0.00034,0.0,1.252,0.033,-0.033,0.0,6300.0,100.0,-100.0,0.0,hot
Kepler-603 b,0.15,,,0.0,0.92,0.42,-0.42,0.0,5956.0,106.0,-106.0,0.0,hot
WASP-102 b,0.041,0.001,-0.001,0.0,1.375,0.048,-0.048,0.0,5990.0,100.0,-100.0,0.0,hot
Kepler-686 b,0.027,,,0.0,0.96,0.46,-0.46,0.0,5973.0,107.0,-107.0,0.0,hot
KELT-17 b,0.04881,0.00065,-0.00061,0.0,1.645,0.06,-0.055,0.0,7454.0,49.0,-49.0,0.0,hot
Kepler-826 b,0.0528,,,0.0,1.257,0.197,-0.241,0.0,6060.0,120.0,-132.0,0.0,hot
XO-7 b,0.04421,0.00062,-0.00062,0.0,1.48,0.022,-0.022,0.0,6250.0,100.0,-100.0,0.0,hot
Kepler-798 b,0.118,,,0.0,1.156,0.604,-0.143,0.0,6428.0,143.0,-255.0,0.0,hot
Kepler-1218 b,0.164,,,0.0,1.22,0.52,-0.52,0.0,6282.0,91.0,-91.0,0.0,hot
Kepler-616 d,0.2749,,,0.0,0.977,0.385,-0.087,0.0,6004.0,158.0,-197.0,0.0,hot
Kepler-1239 b,0.0626,,,0.0,1.137,0.692,-0.126,0.0,6343.0,162.0,-270.0,0.0,hot
Kepler-1449 b,0.1176,,,0.0,1.155,0.751,-0.128,0.0,6269.0,154.0,-230.0,0.0,hot
Kepler-530 b,0.2186,,,0.0,1.051,0.356,-0.167,0.0,5957.0,158.0,-161.0,0.0,hot
HD 10180 e,0.2699,0.0043,-0.0043,0.0,1.109,0.036,-0.036,0.0,5911.0,19.0,-19.0,0.0,hot
TOI-6651 b,0.0633,0.00078,-0.00072,0.0,1.721,0.065,-0.062,0.0,5940.0,110.0,-110.0,0.0,hot
Kepler-1375 b,0.0445,,,0.0,1.207,0.749,-0.181,0.0,6277.0,158.0,-206.0,0.0,hot
Kepler-1569 b,0.064,,,0.0,1.087,0.545,-0.123,0.0,6185.0,155.0,-197.0,0.0,hot
Kepler-1677 b,0.1634,,,0.0,1.145,0.67,-0.131,0.0,6215.0,153.0,-202.0,0.0,hot
Kepler-279 c,0.2191,,,0.0,1.067,0.426,-0.102,0.0,6781.0,157.0,-230.0,0.0,hot
Kepler-300 c,0.2293,,,0.0,0.881,0.339,-0.068,0.0,5968.0,157.0,-162.0,0.0,hot
Kepler-1212 b,0.1082,,,0.0,0.938,0.355,-0.087,0.0,6119.0,158.0,-192.0,0.0,hot
Kepler-1201 b,0.1183,,,0.0,1.005,0.373,-0.123,0.0,6136.0,170.0,-196.0,0.0,hot
Kepler-1952 b,0.1724,,,0.0,1.305,0.186,-0.205,0.0,5973.0,116.0,-115.0,0.0,hot
WASP-168 b,0.0519,0.0008,-0.0008,0.0,1.12,0.06,-0.06,0.0,6000.0,100.0,-100.0,0.0,hot
Kepler-1473 b,0.116,,,0.0,1.04,0.193,-0.084,0.0,5929.0,111.0,-124.0,0.0,hot
Kepler-1163 b,0.0679,,,0.0,1.112,0.533,-0.12,0.0,6444.0,141.0,-204.0,0.0,hot
WASP-28 b,0.0445,0.0004,-0.0004,0.0,1.123,0.052,-0.052,0.0,6084.0,45.0,-45.0,0.0,hot
HAT-P-9 b,0.0529,0.0014,-0.0014,0.0,1.339,0.08,-0.08,0.0,6350.0,150.0,-150.0,0.0,hot
Kepler-1676 b,0.1931,,,0.0,0.996,0.391,-0.092,0.0,6122.0,148.0,-188.0,0.0,hot
WASP-159 b,0.0538,0.0015,-0.0015,0.0,2.11,0.1,-0.1,0.0,6120.0,140.0,-140.0,0.0,hot
TOI-1601 b,0.06864,0.00079,-0.00075,0.0,2.186,0.074,-0.063,0.0,5948.0,87.0,-89.0,0.0,hot
Kepler-385 d,0.2967,,,0.0,1.153,0.671,-0.144,0.0,6308.0,178.0,-246.0,0.0,hot
Kepler-342 d,0.2412,,,0.0,1.178,0.557,-0.147,0.0,6475.0,144.0,-224.0,0.0,hot
Kepler-748 b,0.0745,,,0.0,0.961,0.297,-0.099,0.0,5922.0,184.0,-205.0,0.0,hot
TOI-2842 b,0.0475,0.001,-0.0011,0.0,1.265,0.04,-0.037,0.0,5910.0,100.0,-100.0,0.0,hot
Kepler-349 c,0.1041,,,0.0,0.911,0.317,-0.074,0.0,5941.0,156.0,-175.0,0.0,hot
Kepler-1717 b,0.2101,,,0.0,1.377,0.857,-0.216,0.0,6823.0,176.0,-233.0,0.0,hot
TOI-2641 b,0.0607,0.0042,-0.0043,0.0,1.336,0.055,-0.055,0.0,6100.0,100.0,-100.0,0.0,hot
WASP-117 b,0.09464,0.00082,-0.00082,0.0,1.17,0.067,-0.059,0.0,6040.0,90.0,-90.0,0.0,hot
Kepler-1376 b,0.0598,,,0.0,0.955,0.394,-0.091,0.0,5914.0,168.0,-195.0,0.0,hot
Kepler-134 c,0.0905,,,0.0,1.054,0.164,-0.12,0.0,5923.0,107.0,-131.0,0.0,hot
Kepler-342 c,0.1837,,,0.0,1.178,0.557,-0.147,0.0,6475.0,144.0,-224.0,0.0,hot
TOI-2580 b,0.048,0.003,-0.003,0.0,1.81,0.06,-0.06,0.0,6120.0,30.0,-30.0,0.0,hot
Kepler-1274 b,0.0799,,,0.0,2.134,0.134,-0.134,0.0,6131.0,75.0,-75.0,0.0,hot
Kepler-1453 b,0.262,,,0.0,0.965,0.315,-0.087,0.0,5936.0,156.0,-192.0,0.0,hot
Kepler-791 b,0.122,,,0.0,1.06,0.42,-0.42,0.0,6321.0,109.0,-109.0,0.0,hot
Kepler-758 b,0.1114,,,0.0,1.351,0.677,-0.244,0.0,6692.0,154.0,-280.0,0.0,hot
HATS-67 b,0.03032,0.00015,-0.00015,0.0,1.441,0.026,-0.026,0.0,6594.0,33.0,-33.0,0.0,hot
HD 80653 b,0.01661,0.00019,-0.00019,0.0,1.22,0.01,-0.01,0.0,5959.0,61.0,-61.0,0.0,hot
Kepler-286 d,0.064,,,0.0,0.908,0.39,-0.074,0.0,5970.0,163.0,-182.0,0.0,hot
Kepler-65 d,0.0858,,,0.0,1.424,0.024,-0.024,0.0,6169.0,50.0,-50.0,0.0,hot
K2-98 b,0.0986,0.002,-0.0029,0.0,1.518,0.082,-0.076,0.0,6260.0,170.0,-160.0,0.0,hot
Kepler-173 c,0.0725,,,0.0,0.935,0.373,-0.148,0.0,6032.0,176.0,-158.0,0.0,hot
Kepler-1155 b,0.2006,,,0.0,1.094,0.395,-0.168,0.0,5912.0,162.0,-177.0,0.0,hot
Kepler-1920 b,0.2048,,,0.0,1.167,0.86,-0.13,0.0,6299.0,146.0,-236.0,0.0,hot
Kepler-1949 b,0.0352,,,0.0,1.454,0.251,-0.276,0.0,6028.0,81.0,-81.0,0.0,hot
TOI-892 b,0.092,0.005,-0.005,0.0,1.39,0.02,-0.02,0.0,6261.0,80.0,-80.0,0.0,hot
WASP-176 b,0.0535,0.001,-0.0019,0.0,1.925,0.047,-0.044,0.0,5941.0,77.0,-79.0,0.0,hot
Kepler-1279 b,0.1785,0.00167,-0.00167,0.0,1.907,0.062,-0.059,0.0,6174.0,60.0,-60.0,0.0,hot
Kepler-1327 b,0.1186,,,0.0,1.116,0.497,-0.152,0.0,6143.0,157.0,-188.0,0.0,hot
K2-107 b,0.048,0.005,-0.005,0.0,1.78,0.16,-0.16,0.0,6030.0,120.0,-120.0,0.0,hot
Kepler-1216 b,0.0543,,,0.0,1.012,0.446,-0.091,0.0,6063.0,149.0,-213.0,0.0,hot
Kepler-922 b,0.0186,,,0.0,0.989,0.387,-0.108,0.0,5902.0,155.0,-168.0,0.0,hot
TOI-3894 b,0.05539,0.00079,-0.0006,0.0,1.502,0.055,-0.052,0.0,6000.0,110.0,-110.0,0.0,hot
K2-167 b,0.0999,0.0017,-0.0018,0.0,1.46,0.051,-0.051,0.0,6141.0,92.0,-93.0,0.0,hot
Kepler-1960 b,0.0351,,,0.0,1.035,0.491,-0.09,0.0,6363.0,169.0,-217.0,0.0,hot
Kepler-1837 b,0.065,,,0.0,0.961,0.399,-0.086,0.0,5966.0,165.0,-194.0,0.0,hot
Kepler-507 b,0.0475,,,0.0,1.213,0.228,-0.144,0.0,6036.0,98.0,-130.0,0.0,hot
K2-12 b,0.0847,0.0043,-0.0043,0.0,1.31,0.34,-0.34,0.0,6177.0,308.0,-308.0,0.0,hot
Kepler-1592 b,0.04,,,0.0,0.829,0.32,-0.06,0.0,6020.0,161.0,-168.0,0.0,hot
Kepler-758 c,0.0597,,,0.0,1.351,0.677,-0.244,0.0,6692.0,154.0,-280.0,0.0,hot
Kepler-1072 b,0.028,,,0.0,1.07,0.44,-0.44,0.0,6292.0,123.0,-123.0,0.0,hot
Kepler-1478 b,0.1681,,,0.0,0.835,0.356,-0.058,0.0,6081.0,168.0,-183.0,0.0,hot
Kepler-1180 b,0.1246,,,0.0,0.973,0.351,-0.124,0.0,6205.0,182.0,-199.0,0.0,hot
Kepler-127 b,0.1242,,,0.0,1.352,0.036,-0.03,0.0,6075.0,122.0,-97.0,0.0,hot
TOI-1670 c,0.249,0.005,-0.005,0.0,1.316,0.019,-0.019,0.0,6170.0,61.0,-61.0,0.0,hot
Kepler-127 d,0.2799,,,0.0,1.359,0.035,-0.035,0.0,6106.0,106.0,-106.0,0.0,hot
Kepler-402 d,0.087,,,0.0,1.264,0.244,-0.244,0.0,6090.0,120.0,-120.0,0.0,hot
Kepler-1751 b,0.0712,,,0.0,0.967,0.374,-0.101,0.0,6052.0,156.0,-178.0,0.0,hot
Kepler-21 b,0.0434,0.00021,-0.00032,0.0,1.902,0.018,-0.012,0.0,6305.0,50.0,-50.0,0.0,hot
Kepler-1598 b,0.0527,,,0.0,1.09,0.528,-0.128,0.0,6164.0,156.0,-203.0,0.0,hot
WASP-18 c,0.035,,,0.0,1.23,,,0.0,6400.0,,,0.0,hot
Kepler-1864 b,0.0511,,,0.0,1.594,0.807,-0.471,0.0,6130.0,176.0,-229.0,0.0,hot
Kepler-282 b,0.0852,,,0.0,0.887,0.361,-0.07,0.0,6102.0,163.0,-178.0,0.0,hot
Kepler-431 c,0.0847,,,0.0,1.092,0.191,-0.109,0.0,6004.0,75.0,-75.0,0.0,hot
Kepler-508 b,0.1763,,,0.0,1.292,0.209,-0.209,0.0,5949.0,106.0,-118.0,0.0,hot
Kepler-1452 b,0.25764,0.00161,-0.00161,0.0,2.066,0.057,-0.055,0.0,6045.0,60.0,-60.0,0.0,hot
Kepler-647 b,0.12237,0.00091,-0.00091,0.0,1.45,0.043,-0.042,0.0,5914.0,60.0,-60.0,0.0,hot
TOI-6695 b,0.402,0.002,-0.002,0.0,1.517,0.023,-0.022,0.0,6400.0,100.0,-100.0,0.0,hot
Kepler-1736 b,0.225,,,0.0,1.01,0.44,-0.44,0.0,6099.0,101.0,-101.0,0.0,hot
Kepler-197 d,0.1185,,,0.0,1.109,0.036,-0.04,0.0,6003.0,96.0,-108.0,0.0,hot
Kepler-1773 b,0.2489,,,0.0,1.3,0.219,-0.128,0.0,6183.0,110.0,-134.0,0.0,hot
Kepler-25 b,0.0703,,,0.0,1.309,0.023,-0.023,0.0,6270.0,79.0,-79.0,0.0,hot
Kepler-1268 b,0.2395,,,0.0,1.147,0.695,-0.135,0.0,6324.0,172.0,-211.0,0.0,hot
Kepler-1447 b,0.2919,,,0.0,0.94,0.344,-0.083,0.0,5910.0,176.0,-212.0,0.0,hot
Kepler-312 b,0.0305,,,0.0,1.108,0.162,-0.076,0.0,6173.0,72.0,-132.0,0.0,hot
Kepler-758 e,0.0829,0.00104,-0.00104,0.0,1.518,0.058,-0.055,0.0,6360.0,60.0,-60.0,0.0,hot
Kepler-1435 b,0.057,,,0.0,1.26,0.7,-0.7,0.0,6640.0,91.0,-91.0,0.0,hot
HAT-P-40 b,0.0608,0.0006,-0.0015,0.0,2.206,0.061,,0.0,6080.0,100.0,,0.0,hot
HAT-P-24 b,0.04651,0.00055,-0.00056,0.0,1.317,0.068,-0.068,0.0,6373.0,80.0,-80.0,0.0,hot
Kepler-1104 b,0.0614,,,0.0,1.195,0.93,-0.14,0.0,6452.0,176.0,-213.0,0.0,hot
Kepler-23 b,0.077,,,0.0,1.87,0.48,-0.48,0.0,6142.0,118.0,-118.0,0.0,hot
Kepler-520 c,0.0613,,,0.0,1.03,0.112,-0.057,0.0,6108.0,83.0,-122.0,0.0,hot
HR 858 d,0.1027,0.0022,-0.0025,0.0,1.31,0.024,-0.022,0.0,6201.0,50.0,-50.0,0.0,hot
Kepler-1244 b,0.049,,,0.0,1.484,0.714,-0.334,0.0,6728.0,155.0,-210.0,0.0,hot
NGTS-2 b,0.063,0.0024,-0.003,0.0,1.702,0.047,-0.044,0.0,6478.0,94.0,-89.0,0.0,hot
WASP-48 b,0.03444,0.00045,-0.00045,0.0,1.75,0.09,,0.0,5920.0,150.0,,0.0,hot
Kepler-387 b,0.073,,,0.0,1.09,0.43,-0.43,0.0,6314.0,91.0,-91.0,0.0,hot
TOI-2583 A b,0.0571,0.001,-0.0013,0.0,1.477,0.036,-0.032,0.0,5936.0,65.0,-68.0,0.0,hot
WASP-99 b,0.0717,0.0016,-0.0016,0.0,1.76,0.11,-0.06,0.0,6180.0,100.0,-100.0,0.0,hot
Kepler-377 c,0.1723,,,0.0,0.913,0.357,-0.087,0.0,6167.0,162.0,-184.0,0.0,hot
CoRoT-13 b,0.05107,0.0003,-0.00031,0.0,1.01,0.03,-0.03,0.0,5945.0,90.0,-90.0,0.0,hot
HD 25463 c,0.0435,0.0009,-0.0009,0.0,1.41,0.07,-0.07,0.0,6220.0,110.0,-110.0,0.0,hot
Kepler-268 c,0.3835,,,0.0,1.131,0.649,-0.132,0.0,6322.0,160.0,-218.0,0.0,hot
TOI-1751 b,0.215,0.004,-0.004,0.0,1.3137,0.0251,-0.025,0.0,5970.0,86.0,-84.0,0.0,hot
Kepler-588 b,0.052,,,0.0,0.987,0.4,-0.091,0.0,6123.0,149.0,-192.0,0.0,hot
Kepler-683 b,0.0368,,,0.0,0.956,0.402,-0.089,0.0,5996.0,168.0,-199.0,0.0,hot
Kepler-490 b,0.0453,,,0.0,1.691,0.261,-0.392,0.0,5927.0,80.0,-80.0,0.0,hot
Kepler-1370 b,0.1495,,,0.0,1.291,0.209,-0.209,0.0,5937.0,71.0,-79.0,0.0,hot
Kepler-92 b,0.12232,0.00189,-0.00189,0.0,1.763,0.044,-0.042,0.0,5946.0,60.0,-60.0,0.0,hot
WASP-33 b,0.02555,0.00017,-0.00017,0.0,1.444,0.034,,0.0,7430.0,100.0,,0.0,hot
Kepler-1253 b,0.3094,,,0.0,1.011,0.35,-0.177,0.0,5995.0,155.0,-151.0,0.0,hot
Kepler-924 b,0.3101,,,0.0,1.015,0.482,-0.094,0.0,6372.0,158.0,-214.0,0.0,hot
Kepler-1260 b,0.1305,,,0.0,0.866,0.377,-0.102,0.0,5923.0,175.0,-156.0,0.0,hot
Kepler-1947 b,0.0711,,,0.0,1.686,0.413,-0.709,0.0,6040.0,201.0,-201.0,0.0,hot
Kepler-741 b,0.074,,,0.0,1.032,0.517,-0.091,0.0,6319.0,163.0,-210.0,0.0,hot
CoRoT-19 b,0.0518,0.0008,-0.0008,0.0,1.65,0.04,-0.04,0.0,6090.0,70.0,-70.0,0.0,hot
HD 159243 b,0.11,0.002,-0.002,0.0,1.12,0.05,-0.05,0.0,6123.0,65.0,-65.0,0.0,hot
WASP-71 b,0.04622,0.00068,-0.00069,0.0,2.26,0.17,-0.17,0.0,6050.0,100.0,-100.0,0.0,hot
Kepler-1851 b,0.1016,,,0.0,0.879,0.355,-0.071,0.0,5982.0,167.0,-185.0,0.0,hot
Kepler-1790 b,0.2039,,,0.0,1.03,0.371,-0.094,0.0,6108.0,136.0,-199.0,0.0,hot
Kepler-216 c,0.136,,,0.0,1.26,0.243,-0.243,0.0,6091.0,120.0,-120.0,0.0,hot
Kepler-1448 b,0.1058,,,0.0,0.969,0.315,-0.084,0.0,6075.0,180.0,-198.0,0.0,hot
Kepler-65 b,0.035,,,0.0,1.197,0.098,-0.098,0.0,6172.0,50.0,-50.0,0.0,hot
Kepler-1463 b,0.1694,,,0.0,0.935,0.344,-0.085,0.0,5973.0,174.0,-214.0,0.0,hot
Kepler-1830 b,0.2964,,,0.0,1.04,0.456,-0.101,0.0,6412.0,156.0,-209.0,0.0,hot
Kepler-1755 b,0.1668,,,0.0,0.921,0.363,-0.08,0.0,6086.0,157.0,-184.0,0.0,hot
Kepler-1084 b,0.034,,,0.0,1.54,0.42,-0.42,0.0,6422.0,77.0,-77.0,0.0,hot
XO-3 b,0.0476,0.0005,-0.0005,0.0,2.13,0.21,-0.21,0.0,6429.0,50.0,-50.0,0.0,hot
TOI-1659.01,0.065757,0.002686,-0.00292,0.0,1.006,0.048,-0.048,0.0,5977.0,131.0,-131.0,0.0,hot
WASP-194 b,0.047,0.003,-0.003,0.0,1.409,0.09,-0.09,0.0,6405.0,200.0,-200.0,0.0,hot
Kepler-43 b,0.044,0.0013,-0.0013,0.0,1.332,0.047,-0.047,0.0,6041.0,143.0,-143.0,0.0,hot
HATS-30 b,0.04354,0.00042,-0.00042,0.0,1.061,0.039,-0.039,0.0,5943.0,70.0,-70.0,0.0,hot
Kepler-365 b,0.098,,,0.0,1.048,0.487,-0.487,0.0,6012.0,200.0,-200.0,0.0,hot
HATS-31 b,0.0478,0.0012,-0.0012,0.0,1.87,0.18,-0.18,0.0,6050.0,120.0,-120.0,0.0,hot
Kepler-1835 b,0.0997,,,0.0,0.961,0.363,-0.114,0.0,5903.0,159.0,-166.0,0.0,hot
Kepler-103 b,0.13,,,0.0,1.21,0.14,-0.14,0.0,5975.0,44.0,-44.0,0.0,hot
CoRoT-4 b,0.0912,0.00126,-0.00131,0.0,1.1475,0.0926,-0.0333,0.0,6190.0,60.0,-60.0,0.0,hot
Kepler-1847 b,0.0989,,,0.0,0.964,0.369,-0.09,0.0,6122.0,162.0,-214.0,0.0,hot
Kepler-335 b,0.0691,,,0.0,0.932,0.348,-0.08,0.0,6003.0,148.0,-179.0,0.0,hot
Kepler-122 e,0.22001,0.00213,-0.00213,0.0,1.239,0.038,-0.037,0.0,5917.0,60.0,-60.0,0.0,hot
Kepler-1709 b,0.327,,,0.0,1.044,0.073,-0.073,0.0,5952.0,50.0,-50.0,0.0,hot
Kepler-513 b,0.1836,,,0.0,1.04,0.405,-0.123,0.0,6084.0,146.0,-172.0,0.0,hot
TOI-4406 b,0.201,0.005,-0.005,0.0,1.29,0.01,-0.01,0.0,6219.0,70.0,-70.0,0.0,hot
WASP-90 b,0.0562,0.0012,-0.0012,0.0,1.98,0.09,-0.09,0.0,6430.0,130.0,-130.0,0.0,hot
Kepler-84 d,0.052,,,0.0,1.169,0.219,-0.219,0.0,6031.0,143.0,-143.0,0.0,hot
Kepler-835 b,0.102,,,0.0,1.01,0.37,-0.37,0.0,6188.0,135.0,-135.0,0.0,hot
WASP-17 b,0.0515,0.00034,-0.00034,0.0,1.572,0.056,-0.056,0.0,6650.0,80.0,-80.0,0.0,hot
Kepler-1573 b,0.0364,,,0.0,0.958,0.354,-0.111,0.0,6088.0,166.0,-186.0,0.0,hot
Kepler-522 b,0.247,,,0.0,1.38,0.13,-0.13,0.0,6285.0,50.0,-50.0,0.0,hot
Kepler-364 b,0.178,,,0.0,1.284,0.249,-0.249,0.0,6108.0,125.0,-125.0,0.0,hot
WASP-12 b,0.0234,0.00056,-0.0005,0.0,1.657,0.046,-0.044,0.0,6360.0,130.0,-140.0,0.0,hot
Kepler-927 b,0.085,,,0.0,1.01,0.35,-0.35,0.0,5919.0,105.0,-105.0,0.0,hot
Kepler-207 c,0.0423,,,0.0,1.109,0.576,-0.132,0.0,6110.0,143.0,-191.0,0.0,hot
TOI-1836 b,0.1597,0.0031,-0.0032,0.0,1.577,0.06,-0.06,0.0,6380.0,150.0,-150.0,0.0,hot
Kepler-1177 b,0.4383,,,0.0,0.999,0.398,-0.109,0.0,5968.0,161.0,-184.0,0.0,hot
TOI-5398 c,0.057,0.003,-0.003,0.0,1.051,0.013,-0.013,0.0,6000.0,75.0,-75.0,0.0,hot
Kepler-1345 b,0.27,,,0.0,1.46,0.66,-0.66,0.0,6774.0,125.0,-125.0,0.0,hot
Kepler-1099 b,0.0337,,,0.0,1.109,0.639,-0.127,0.0,6153.0,160.0,-229.0,0.0,hot
TOI-615 b,0.0678,0.0031,-0.0026,0.0,1.732,0.055,-0.055,0.0,6850.0,100.0,-100.0,0.0,hot
Kepler-1691 b,0.05,,,0.0,1.08,0.47,-0.47,0.0,6325.0,125.0,-125.0,0.0,hot
CoRoT-11 b,0.04407,0.00056,-0.00059,0.0,1.37,0.03,-0.03,0.0,6440.0,120.0,-120.0,0.0,hot
CoRoT-21 b,0.0416,0.00094,-0.001,0.0,1.95,0.21,-0.21,0.0,6200.0,100.0,-100.0,0.0,hot
Kepler-136 b,0.1054,,,0.0,1.188,0.233,-0.113,0.0,6156.0,78.0,-135.0,0.0,hot
Kepler-1248 b,0.076,,,0.0,0.97,0.42,-0.42,0.0,6103.0,72.0,-72.0,0.0,hot
WASP-32 b,0.03904,0.00062,-0.00061,0.0,1.09,0.03,-0.03,0.0,6140.0,90.0,-100.0,0.0,hot
Kepler-1575 b,0.0366,,,0.0,0.908,0.248,-0.088,0.0,5970.0,188.0,-209.0,0.0,hot
TOI-2458 b,0.0482,0.0025,-0.0027,0.0,1.31,0.03,-0.03,0.0,6005.0,50.0,-50.0,0.0,hot
WASP-175 b,0.04403,0.00055,-0.00055,0.0,1.204,0.064,-0.064,0.0,6229.0,100.0,-100.0,0.0,hot
Kepler-805 b,0.1996,,,0.0,1.592,0.05,-0.05,0.0,6034.0,92.0,-92.0,0.0,hot
Kepler-1044 b,0.0724,,,0.0,1.09,0.516,-0.11,0.0,6217.0,169.0,-205.0,0.0,hot
TOI-2803 A b,0.03185,0.00052,-0.00052,0.0,1.245,0.022,-0.021,0.0,6280.0,99.0,-96.0,0.0,hot
Kepler-58 c,0.1228,,,0.0,1.083,0.35,-0.15,0.0,6100.0,193.0,-214.0,0.0,hot
HAT-P-16 b,0.04134,0.00044,-0.00045,0.0,1.237,0.054,-0.054,0.0,6158.0,80.0,-80.0,0.0,hot
TOI-1408 b,0.05778,0.0001,-0.0001,0.0,1.53,0.02,-0.02,0.0,6117.0,31.0,-31.0,0.0,hot
WASP-197 b,0.065,0.002,-0.002,0.0,2.112,0.077,-0.077,0.0,6050.0,100.0,-100.0,0.0,hot
Kepler-1617 b,0.1833,,,0.0,1.126,0.555,-0.127,0.0,6300.0,157.0,-198.0,0.0,hot
Kepler-1941 b,0.2092,,,0.0,1.171,0.56,-0.146,0.0,6418.0,157.0,-234.0,0.0,hot
Kepler-76 b,0.0274,0.002,-0.0019,0.0,1.32,0.08,-0.08,0.0,6409.0,95.0,-95.0,0.0,hot
Kepler-1859 b,0.0386,,,0.0,1.068,0.504,-0.119,0.0,6190.0,164.0,-210.0,0.0,hot
WASP-106 b,0.0917,0.0014,-0.0014,0.0,1.393,0.048,-0.028,0.0,6000.0,150.0,-150.0,0.0,hot
Kepler-450 c,0.1332,,,0.0,1.57,0.085,-0.085,0.0,6215.0,89.0,-89.0,0.0,hot
Kepler-1927 b,0.3859,,,0.0,2.481,0.343,-0.859,0.0,6056.0,81.0,-81.0,0.0,hot
Kepler-1326 b,0.2743,,,0.0,2.632,0.471,-0.875,0.0,6864.0,184.0,-225.0,0.0,hot
TOI-2193 A b,0.03319,0.00052,-0.00051,0.0,1.248,0.026,-0.028,0.0,5966.0,73.0,-72.0,0.0,hot
Kepler-197 b,0.0596,,,0.0,1.109,0.036,-0.04,0.0,6003.0,96.0,-108.0,0.0,hot
Kepler-115 b,0.03562,0.00037,-0.00037,0.0,1.13,0.028,-0.027,0.0,6000.0,60.0,-60.0,0.0,hot
Kepler-1213 b,0.06026,0.00051,-0.00051,0.0,1.437,0.036,-0.035,0.0,5941.0,60.0,-60.0,0.0,hot
HAT-P-1 b,0.0551,0.0015,-0.0015,0.0,1.15,0.09,-0.09,0.0,6067.0,,,0.0,hot
Kepler-1283 b,0.1062,,,0.0,0.867,0.323,-0.07,0.0,6058.0,159.0,-181.0,0.0,hot
Kepler-1666 c,0.2383,,,0.0,1.031,0.436,-0.097,0.0,6297.0,168.0,-212.0,0.0,hot
HAT-P-56 b,0.0447,0.0019,-0.0019,0.0,1.88,0.44,-0.44,0.0,6863.0,195.0,-195.0,0.0,hot
Kepler-126 d,0.4477,,,0.0,1.358,0.024,-0.024,0.0,6239.0,94.0,-94.0,0.0,hot
HD 212301 b,0.03,0.0,0.0,0.0,1.16,0.02,-0.02,0.0,6239.0,24.0,-24.0,0.0,hot
Kepler-631 b,0.142,,,0.0,1.11,0.46,-0.46,0.0,6433.0,100.0,-100.0,0.0,hot
HAT-P-69 b,0.06555,0.0007,-0.00035,0.0,1.926,0.06,-0.031,0.0,7394.0,360.0,-600.0,0.0,hot
Kepler-392 c,0.0967,,,0.0,1.403,0.708,-0.316,0.0,6474.0,161.0,-212.0,0.0,hot
Kepler-1041 b,0.1688,,,0.0,0.966,0.32,-0.085,0.0,6106.0,143.0,-182.0,0.0,hot
HD 5278 c,0.2416,0.0027,-0.0027,0.0,1.194,0.017,-0.016,0.0,6203.0,64.0,-64.0,0.0,hot
Kepler-203 b,0.0424,,,0.0,0.937,0.382,-0.084,0.0,5949.0,152.0,-182.0,0.0,hot
Kepler-175 b,0.105,,,0.0,1.01,0.504,-0.504,0.0,6064.0,200.0,-200.0,0.0,hot
TOI-6130 b,0.036,0.002,-0.002,0.0,1.51,0.03,-0.03,0.0,6110.0,50.0,-50.0,0.0,hot
HATS-41 b,0.0583,0.0015,-0.001,0.0,1.71,0.36,-0.24,0.0,6424.0,91.0,-91.0,0.0,hot
Kepler-143 c,0.177,,,0.0,1.06,0.41,-0.41,0.0,6002.0,91.0,-91.0,0.0,hot
Kepler-270 c,0.1768,,,0.0,1.3,0.765,-0.237,0.0,6432.0,157.0,-229.0,0.0,hot
Kepler-501 b,0.0632,,,0.0,0.989,0.399,-0.095,0.0,6217.0,162.0,-212.0,0.0,hot
MASCARA-1 b,0.043,0.005,-0.005,0.0,2.1,0.2,-0.2,0.0,7554.0,150.0,-150.0,0.0,hot
HAT-P-50 b,0.0453,0.00058,-0.0014,0.0,1.698,0.071,-0.071,0.0,6280.0,49.0,-49.0,0.0,hot
Kepler-596 b,0.1542,,,0.0,1.115,0.563,-0.119,0.0,6343.0,153.0,-198.0,0.0,hot
Kepler-201 b,0.179,,,0.0,1.179,0.187,-0.109,0.0,6034.0,109.0,-133.0,0.0,hot
Kepler-1989 b,0.0918,,,0.0,1.06,0.425,-0.135,0.0,6032.0,177.0,-216.0,0.0,hot
Kepler-187 b,0.057,,,0.0,1.15,0.44,-0.44,0.0,5973.0,105.0,-105.0,0.0,hot
Kepler-1517 b,0.078,,,0.0,4.037,0.445,-1.565,0.0,7358.0,223.0,-310.0,0.0,hot
Kepler-401 c,0.2606,,,0.0,1.373,0.702,-0.312,0.0,6347.0,162.0,-198.0,0.0,hot
TOI-2236 b,0.05009,0.0008,-0.00082,0.0,1.573,0.033,-0.033,0.0,6248.0,72.0,-77.0,0.0,hot
Kepler-1836 b,0.0602,,,0.0,0.987,0.39,-0.097,0.0,6123.0,175.0,-225.0,0.0,hot
HATS-11 b,0.04614,0.00093,-0.00093,0.0,1.444,0.057,-0.057,0.0,6060.0,150.0,-150.0,0.0,hot
HD 108147 b,0.102,0.0059,-0.0059,0.0,1.20664,0.059557,-0.059539,0.0,6255.73,126.62,-155.48,0.0,hot
Kepler-277 b,0.139,,,0.0,1.65,0.22,-0.22,0.0,5946.0,56.0,-56.0,0.0,hot
KOI-3503 c,0.18688,0.00147,-0.00147,0.0,1.255,0.034,-0.033,0.0,6001.0,60.0,-60.0,0.0,hot
Kepler-1187 b,0.1401,,,0.0,0.949,0.388,-0.086,0.0,6103.0,152.0,-188.0,0.0,hot
Kepler-1340 b,0.01523,0.00011,-0.00011,0.0,0.988,0.034,-0.033,0.0,5909.0,60.0,-60.0,0.0,hot
Kepler-1655 b,0.09917,0.00104,-0.00104,0.0,1.052,0.023,-0.023,0.0,6002.0,60.0,-60.0,0.0,hot
Kepler-1912 b,0.067,,,0.0,1.474,0.709,-0.39,0.0,5902.0,156.0,-170.0,0.0,hot
TOI-4087 b,0.04469,0.00048,-0.00054,0.0,1.112,0.021,-0.02,0.0,6060.0,74.0,-67.0,0.0,hot
KELT-20 b,0.0542,0.0014,-0.0021,0.0,1.565,0.057,-0.064,0.0,8720.0,250.0,-260.0,0.0,hot
HD 25463 b,0.076,0.002,-0.002,0.0,1.41,0.07,-0.07,0.0,6220.0,110.0,-110.0,0.0,hot
Kepler-394 d,0.0647,,,0.0,1.154,0.636,-0.143,0.0,6426.0,155.0,-258.0,0.0,hot
Kepler-758 d,0.1582,,,0.0,1.351,0.677,-0.244,0.0,6692.0,154.0,-280.0,0.0,hot
KOI-94 d,0.1684,0.0022,-0.0022,0.0,1.52,0.14,-0.14,0.0,6182.0,58.0,-58.0,0.0,hot
Kepler-972 b,0.073,,,0.0,1.11,0.57,-0.57,0.0,6103.0,121.0,-121.0,0.0,hot
Kepler-647 c,0.1831,,,0.0,1.053,0.185,-0.117,0.0,5955.0,114.0,-120.0,0.0,hot
Kepler-338 b,0.1172,,,0.0,1.735,0.082,-0.082,0.0,5923.0,77.0,-77.0,0.0,hot
Kepler-217 b,0.067,,,0.0,1.356,,,0.0,6653.0,,,0.0,hot
Kepler-812 b,0.102,,,0.0,1.42,0.66,-0.66,0.0,7110.0,129.0,-129.0,0.0,hot
TOI-559 b,0.0723,0.0013,-0.0013,0.0,1.233,0.028,-0.026,0.0,5925.0,85.0,-76.0,0.0,hot
KELT-21 b,0.05224,0.00035,-0.00034,0.0,1.638,0.034,-0.034,0.0,7598.0,81.0,-84.0,0.0,hot
K2-100 b,0.0301,0.0014,-0.0014,0.0,1.24,0.05,-0.05,0.0,5945.0,110.0,-110.0,0.0,hot
TOI-1836 c,0.03089,0.0005,-0.0005,0.0,1.6454,0.032,-0.0253,0.0,6237.0,91.0,-69.0,0.0,hot
HATS-64 b,0.06562,0.00039,-0.00039,0.0,2.113,0.071,-0.071,0.0,6554.0,27.0,-27.0,0.0,hot
Kepler-616 c,0.4024,,,0.0,0.977,0.302,-0.101,0.0,6004.0,181.0,-199.0,0.0,hot
Kepler-1725 b,0.1334,,,0.0,1.03,0.145,-0.046,0.0,6108.0,73.0,-137.0,0.0,hot
Kepler-212 b,0.1313,,,0.0,1.141,0.282,-0.097,0.0,5914.0,98.0,-129.0,0.0,hot
Kepler-1574 b,0.0743,,,0.0,1.03,0.324,-0.108,0.0,6108.0,193.0,-236.0,0.0,hot
K2-66 b,0.06069,0.00087,-0.00087,0.0,1.71,0.14,-0.14,0.0,5958.0,75.0,-75.0,0.0,hot
Kepler-1119 b,0.0812,,,0.0,1.0,0.431,-0.099,0.0,6057.0,158.0,-202.0,0.0,hot
Kepler-1233 b,0.263,,,0.0,1.169,0.382,-0.127,0.0,6499.0,174.0,-232.0,0.0,hot
Kepler-906 b,0.22363,0.00228,-0.00228,0.0,1.024,0.028,-0.027,0.0,5956.0,60.0,-60.0,0.0,hot
Kepler-177 c,0.2701,,,0.0,1.066,0.557,-0.108,0.0,6220.0,156.0,-207.0,0.0,hot
Kepler-128 c,0.16517,0.00273,-0.00273,0.0,1.66,0.038,-0.037,0.0,6081.0,60.0,-60.0,0.0,hot
HD 145377 b,0.45,0.01,-0.01,0.0,1.05,0.02,-0.02,0.0,6014.0,20.0,-20.0,0.0,hot
Kepler-1797 b,0.1637,,,0.0,1.009,0.435,-0.095,0.0,6244.0,164.0,-210.0,0.0,hot
Kepler-279 b,0.1077,,,0.0,1.067,0.426,-0.102,0.0,6781.0,157.0,-230.0,0.0,hot
Kepler-642 b,0.0589,,,0.0,2.297,0.485,-0.727,0.0,6570.0,156.0,-195.0,0.0,hot
Kepler-514 b,0.065,,,0.0,1.28,0.55,-0.55,0.0,6282.0,66.0,-66.0,0.0,hot
TOI-3688 A b,0.0456,0.00089,-0.00098,0.0,1.302,0.038,-0.035,0.0,5950.0,100.0,-100.0,0.0,hot
Kepler-794 b,0.0972,,,0.0,1.087,0.184,-0.112,0.0,5993.0,108.0,-125.0,0.0,hot
TOI-5126 b,0.06519,0.00087,-0.00082,0.0,1.241,0.032,-0.027,0.0,6150.0,110.0,-130.0,0.0,hot
Kepler-1225 b,0.075,,,0.0,1.09,0.44,-0.44,0.0,6369.0,106.0,-106.0,0.0,hot
TOI-4127 b,0.3081,0.0055,-0.0058,0.0,1.293,0.05,-0.05,0.0,6096.0,115.0,-115.0,0.0,hot
Kepler-1396 b,0.1397,,,0.0,1.031,0.509,-0.093,0.0,6241.0,161.0,-203.0,0.0,hot
Kepler-1094 b,0.368,,,0.0,0.99,0.43,-0.43,0.0,6158.0,115.0,-115.0,0.0,hot
Kepler-654 b,0.1211,,,0.0,1.656,0.773,-0.519,0.0,6106.0,162.0,-208.0,0.0,hot
Kepler-624 b,0.1172,,,0.0,1.191,0.189,-0.189,0.0,6063.0,121.0,-133.0,0.0,hot
Kepler-123 c,0.181,,,0.0,1.264,0.243,-0.243,0.0,6089.0,121.0,-121.0,0.0,hot
Kepler-541 b,0.059,,,0.0,1.21,0.55,-0.55,0.0,6074.0,133.0,-133.0,0.0,hot
Kepler-919 b,0.0981,,,0.0,1.025,0.448,-0.105,0.0,6093.0,153.0,-198.0,0.0,hot
Kepler-1121 b,0.115,,,0.0,1.43,0.51,-0.51,0.0,6314.0,73.0,-73.0,0.0,hot
Kepler-983 b,0.3061,,,0.0,0.989,0.39,-0.088,0.0,6201.0,147.0,-181.0,0.0,hot
Pr0201 b,0.06,0.0,0.0,0.0,1.15,0.12,-0.12,0.0,6174.0,50.0,-50.0,0.0,hot
HATS-40 b,0.04997,0.00074,-0.00074,0.0,2.26,0.18,-0.11,0.0,6460.0,130.0,-130.0,0.0,hot
HD 117618 b,0.176,0.01,-0.01,0.0,1.18438,0.07784,-0.038029,0.0,5995.71,103.91,-157.37,0.0,hot
TOI-3071 b,0.0249,0.0001,-0.0001,0.0,1.31,0.04,-0.04,0.0,6177.0,62.0,-62.0,0.0,hot
HAT-P-31 b,0.061,0.0013,-0.0011,0.0,1.36,0.27,-0.18,0.0,6070.0,100.0,-100.0,0.0,hot
Kepler-534 b,0.1272,,,0.0,0.965,0.147,-0.045,0.0,5936.0,102.0,-131.0,0.0,hot
Kepler-1487 b,0.0747,,,0.0,0.956,0.35,-0.08,0.0,6444.0,157.0,-198.0,0.0,hot
Kepler-1484 b,0.1939,,,0.0,0.984,0.312,-0.111,0.0,6283.0,176.0,-220.0,0.0,hot
Kepler-930 b,0.3475,,,0.0,1.488,0.432,-0.432,0.0,6148.0,184.0,-220.0,0.0,hot
Kepler-23 d,0.128,,,0.0,1.87,0.48,-0.48,0.0,6142.0,118.0,-118.0,0.0,hot
Kepler-604 b,0.1735,,,0.0,0.964,0.384,-0.087,0.0,6122.0,161.0,-191.0,0.0,hot
HATS-55 b,0.05412,0.00014,-0.00018,0.0,1.126,0.011,-0.011,0.0,6214.0,36.0,-36.0,0.0,hot
HATS-68 b,0.05071,0.00018,-0.00018,0.0,1.748,0.026,-0.026,0.0,6147.0,22.0,-22.0,0.0,hot
XO-6 b,0.0815,0.0077,-0.0077,0.0,1.93,0.18,-0.18,0.0,6720.0,100.0,-100.0,0.0,hot
HATS-66 b,0.04714,0.00025,-0.00025,0.0,1.841,0.041,-0.041,0.0,6626.0,35.0,-35.0,0.0,hot
Kepler-1501 b,0.1228,,,0.0,1.061,0.138,-0.053,0.0,6065.0,66.0,-96.0,0.0,hot
Kepler-593 b,0.155,,,0.0,1.05,0.36,-0.36,0.0,6202.0,104.0,-104.0,0.0,hot
TOI-2128 b,0.127,0.003,-0.003,0.0,1.1174,0.0239,-0.0227,0.0,5968.0,86.0,-84.0,0.0,hot
Kepler-147 b,0.1095,,,0.0,1.26,0.236,-0.175,0.0,6010.0,104.0,-124.0,0.0,hot
Kepler-24 b,0.08045,0.00088,-0.00088,0.0,1.084,0.041,-0.04,0.0,6022.0,60.0,-60.0,0.0,hot
Kepler-887 c,0.0801,0.00072,-0.00072,0.0,1.367,0.036,-0.035,0.0,6207.0,60.0,-60.0,0.0,hot
Kepler-1421 b,0.0749,,,0.0,1.151,0.667,-0.131,0.0,6540.0,144.0,-214.0,0.0,hot
ups And b,0.0594,0.0003,-0.0003,0.0,1.64,0.04,-0.05,0.0,6089.0,,,0.0,hot
TOI-150.01,0.07037,0.00087,-0.00088,0.0,1.526,0.012,-0.012,0.0,6255.0,90.0,-90.0,0.0,hot
Kepler-336 d,0.1444,,,0.0,0.865,0.373,-0.068,0.0,6029.0,153.0,-165.0,0.0,hot
HD 202772 A b,0.05208,0.00064,-0.00068,0.0,2.591,0.078,-0.093,0.0,6272.0,77.0,-71.0,0.0,hot
Qatar-3 b,0.03783,0.00069,-0.00069,0.0,1.272,0.14,-0.14,0.0,6007.0,52.0,-52.0,0.0,hot
Kepler-512 b,0.2038,,,0.0,0.963,0.359,-0.104,0.0,6100.0,149.0,-170.0,0.0,hot
HATS-24 b,0.0238,0.001,-0.001,0.0,1.12,0.044,-0.047,0.0,6125.0,94.0,-94.0,0.0,hot
Kepler-1188 b,0.134,,,0.0,1.05,0.46,-0.46,0.0,6195.0,122.0,-122.0,0.0,hot
Kepler-435 b,0.0949,0.0018,-0.0019,0.0,3.21,0.3,-0.3,0.0,6090.0,110.0,-110.0,0.0,hot
Kepler-110 c,0.19551,0.00189,-0.00189,0.0,1.234,0.032,-0.031,0.0,5956.0,60.0,-60.0,0.0,hot
Kepler-1070 b,0.0708,,,0.0,1.353,0.752,-0.255,0.0,6616.0,150.0,-264.0,0.0,hot
K2-230 b,0.0409,0.0003,-0.0002,0.0,1.39,0.04,-0.04,0.0,5945.0,23.0,-25.0,0.0,hot
WASP-118 b,0.05453,0.00048,-0.00048,0.0,1.696,0.029,-0.029,0.0,6410.0,125.0,-125.0,0.0,hot
Kepler-1364 b,0.1284,,,0.0,2.274,0.462,-0.635,0.0,6995.0,194.0,-243.0,0.0,hot
HD 43691 b,0.238,0.015,-0.015,0.0,1.6,0.11,-0.11,0.0,6093.0,,,0.0,hot
Kepler-644 b,0.0469,,,0.0,1.653,0.917,-0.467,0.0,6440.0,165.0,-265.0,0.0,hot
Kepler-1126 b,0.4358,,,0.0,0.844,0.363,-0.059,0.0,6106.0,152.0,-174.0,0.0,hot
WASP-195 b,0.063,0.003,-0.003,0.0,1.578,0.066,-0.066,0.0,6300.0,125.0,-125.0,0.0,hot
CoRoT-3 b,0.05783,0.00085,-0.00085,0.0,1.575,0.095,-0.095,0.0,6740.0,140.0,-140.0,0.0,hot
Kepler-1487 c,0.2152,,,0.0,0.956,0.35,-0.08,0.0,6444.0,157.0,-198.0,0.0,hot
Qatar-10 b,0.0286,0.0006,-0.0006,0.0,1.254,0.026,-0.026,0.0,6124.0,46.0,-46.0,0.0,hot
Kepler-1863 b,0.2438,,,0.0,1.168,0.425,-0.208,0.0,6112.0,155.0,-176.0,0.0,hot
Kepler-1397 b,0.25861,0.00182,-0.00182,0.0,1.716,0.051,-0.05,0.0,6123.0,60.0,-60.0,0.0,hot
WASP-158 b,0.0517,0.0018,-0.0018,0.0,1.39,0.18,-0.18,0.0,6350.0,150.0,-150.0,0.0,hot
Kepler-894 b,0.092,,,0.0,0.87,0.3,-0.3,0.0,5920.0,200.0,-200.0,0.0,hot
Kepler-1768 b,0.1274,,,0.0,1.559,0.78,-0.443,0.0,6047.0,176.0,-220.0,0.0,hot
Kepler-1509 b,0.1733,,,0.0,1.027,0.476,-0.103,0.0,6077.0,167.0,-226.0,0.0,hot
TOI-677 b,0.1038,0.0017,-0.0017,0.0,1.28,0.03,-0.03,0.0,6295.0,77.0,-77.0,0.0,hot
K2-222 b,0.1206,0.0029,-0.0029,0.0,1.115,0.029,-0.029,0.0,5942.0,119.0,-119.0,0.0,hot
Kepler-1615 b,0.2595,,,0.0,1.002,0.43,-0.097,0.0,6035.0,149.0,-188.0,0.0,hot
TOI-837 b,0.083,0.001,-0.001,0.0,1.036,0.015,-0.015,0.0,6000.0,60.0,-60.0,0.0,hot
Kepler-1723 b,0.2249,,,0.0,1.01,0.371,-0.125,0.0,6072.0,157.0,-183.0,0.0,hot
KELT-16 b,0.02044,0.00024,-0.00026,0.0,1.36,0.064,-0.053,0.0,6236.0,54.0,-54.0,0.0,hot
WASP-20 b,0.05999,0.00069,-0.00068,0.0,1.392,0.044,-0.044,0.0,5940.0,100.0,-100.0,0.0,hot
Kepler-385 b,0.0939,,,0.0,1.153,0.671,-0.144,0.0,6308.0,178.0,-246.0,0.0,hot
Kepler-228 c,0.051,,,0.0,0.94,0.43,-0.43,0.0,6014.0,138.0,-138.0,0.0,hot
XO-4 b,0.05474,0.00163,-0.00064,0.0,1.531,0.386,-0.069,0.0,6397.0,70.0,-70.0,0.0,hot
CoRoT-22 b,0.092,0.0014,-0.0014,0.0,1.136,0.038,-0.09,0.0,5939.0,54.0,-120.0,0.0,hot
Kepler-1988 b,0.1142,,,0.0,3.132,1.202,-1.714,0.0,6036.0,177.0,-182.0,0.0,hot
Kepler-766 b,0.066,,,0.0,0.91,0.4,-0.4,0.0,5938.0,136.0,-136.0,0.0,hot
Kepler-134 b,0.05874,0.00066,-0.00066,0.0,0.969,0.023,-0.022,0.0,5918.0,60.0,-60.0,0.0,hot
Kepler-1275 b,0.0477,,,0.0,1.087,0.575,-0.112,0.0,6269.0,162.0,-201.0,0.0,hot
Kepler-393 b,0.0939,,,0.0,1.604,0.883,-0.384,0.0,6735.0,161.0,-234.0,0.0,hot
Kepler-74 b,0.0801,,,0.0,1.498,0.095,-0.131,0.0,6056.0,112.0,-154.0,0.0,hot
Kepler-1154 b,0.0604,,,0.0,1.022,0.378,-0.093,0.0,6163.0,155.0,-199.0,0.0,hot
Kepler-84 b,0.0831,,,0.0,1.022,0.41,-0.115,0.0,6028.0,161.0,-196.0,0.0,hot
Kepler-1360 b,0.2866,,,0.0,3.086,0.432,-0.802,0.0,6443.0,77.0,-90.0,0.0,hot
WASP-192 b,0.0408,0.0008,-0.0008,0.0,1.32,0.07,-0.07,0.0,5910.0,145.0,-145.0,0.0,hot
Kepler-664 b,0.0374,,,0.0,1.046,0.334,-0.133,0.0,6031.0,169.0,-211.0,0.0,hot
Kepler-814 b,0.0676,,,0.0,1.033,0.476,-0.087,0.0,6341.0,159.0,-198.0,0.0,hot
Kepler-1673 b,0.211,,,0.0,1.01,0.41,-0.41,0.0,6188.0,83.0,-83.0,0.0,hot
Kepler-666 b,0.0542,,,0.0,0.969,0.3,-0.1,0.0,6075.0,189.0,-210.0,0.0,hot
Kepler-462 b,0.465,,,0.0,2.52,0.71,-0.71,0.0,7713.0,200.0,-200.0,0.0,hot
Kepler-509 b,0.23702,0.00228,-0.00228,0.0,1.19,0.031,-0.03,0.0,5952.0,60.0,-60.0,0.0,hot
WASP-174 b,0.0559,0.0009,-0.0009,0.0,1.31,0.08,-0.08,0.0,6400.0,100.0,-100.0,0.0,hot
Kepler-1474 b,0.2233,,,0.0,1.147,0.645,-0.151,0.0,6057.0,158.0,-220.0,0.0,hot
Kepler-1686 b,0.089,,,0.0,0.98,0.41,-0.41,0.0,6123.0,111.0,-111.0,0.0,hot
Kepler-1080 b,0.366,,,0.0,1.132,,,0.0,6096.0,,,0.0,hot
Kepler-1085 c,0.294,,,0.0,0.95,0.21,-0.21,0.0,6052.0,96.0,-96.0,0.0,hot
TOI-1898 b,0.269,0.005,-0.005,0.0,1.6131,0.0292,-0.0312,0.0,6241.0,88.0,-85.0,0.0,hot
Kepler-1031 b,0.0229,,,0.0,0.991,0.415,-0.091,0.0,6095.0,143.0,-189.0,0.0,hot
HATS-58 A b,0.05798,0.00057,-0.00057,0.0,1.433,0.059,-0.059,0.0,7175.0,54.0,-54.0,0.0,hot
K2-243 c,0.1817,0.0022,-0.0024,0.0,1.39,0.03,-0.03,0.0,6570.0,269.0,-171.0,0.0,hot
Kepler-254 b,0.064,,,0.0,0.92,0.3,-0.3,0.0,5956.0,106.0,-106.0,0.0,hot
Kepler-769 c,0.1272,,,0.0,1.009,0.41,-0.096,0.0,6225.0,156.0,-209.0,0.0,hot
Kepler-24 d,0.052,,,0.0,1.12,0.75,-0.75,0.0,6043.0,115.0,-115.0,0.0,hot
HIP 94235 b,0.0787,0.00056,-0.00017,0.0,1.08,0.11,-0.1,0.0,5991.0,50.0,-50.0,0.0,hot
Kepler-59 c,0.1375,,,0.0,1.011,0.433,-0.095,0.0,6305.0,155.0,-201.0,0.0,hot
Kepler-1429 b,0.0549,,,0.0,1.033,0.541,-0.091,0.0,6210.0,157.0,-196.0,0.0,hot
Kepler-356 c,0.1123,,,0.0,1.277,0.23,-0.188,0.0,6140.0,123.0,-135.0,0.0,hot
Kepler-1621 b,0.4204,,,0.0,1.283,0.23,-0.173,0.0,6084.0,81.0,-90.0,0.0,hot
Kepler-870 b,0.1539,,,0.0,0.992,0.316,-0.105,0.0,6170.0,170.0,-233.0,0.0,hot
Kepler-1618 b,0.0706,,,0.0,1.289,0.432,-0.154,0.0,6720.0,164.0,-234.0,0.0,hot
Kepler-359 c,0.3015,,,0.0,1.033,0.444,-0.094,0.0,6210.0,181.0,-227.0,0.0,hot
Kepler-1300 b,0.1577,,,0.0,1.315,0.72,-0.271,0.0,6263.0,157.0,-188.0,0.0,hot
Kepler-1394 b,0.0555,,,0.0,2.741,0.324,-0.757,0.0,6277.0,126.0,-113.0,0.0,hot
BD-14 3065 b,0.0656,0.0026,-0.0026,0.0,2.35,0.08,-0.08,0.0,6935.0,90.0,-90.0,0.0,hot
Kepler-1343 b,0.0449,,,0.0,1.005,0.326,-0.102,0.0,6198.0,175.0,-218.0,0.0,hot
WASP-166 b,0.0641,0.0011,-0.0011,0.0,1.22,0.06,-0.06,0.0,6050.0,50.0,-50.0,0.0,hot
Kepler-1557 b,0.0486,,,0.0,1.031,0.463,-0.089,0.0,6225.0,171.0,-196.0,0.0,hot
TOI-1518 b,0.0389,0.0011,-0.0011,0.0,1.95,0.048,-0.048,0.0,7300.0,100.0,-100.0,0.0,hot
Kepler-58 b,0.0927,,,0.0,1.083,0.48,-0.134,0.0,6100.0,165.0,-211.0,0.0,hot
Kepler-544 b,0.1553,,,0.0,1.18,0.212,-0.13,0.0,6156.0,123.0,-135.0,0.0,hot
Kepler-836 b,0.1016,,,0.0,1.017,0.466,-0.094,0.0,6244.0,157.0,-200.0,0.0,hot
Kepler-286 e,0.187,,,0.0,0.93,0.46,-0.46,0.0,5969.0,107.0,-107.0,0.0,hot
K2-99 b,0.159,0.006,-0.006,0.0,3.1,0.1,-0.1,0.0,5990.0,40.0,-40.0,0.0,hot
Kepler-1488 b,0.2278,,,0.0,1.135,0.472,-0.17,0.0,6035.0,150.0,-176.0,0.0,hot
HD 73344 c,0.3388,0.0042,-0.0043,0.0,1.22,0.03,-0.03,0.0,6148.0,100.0,-100.0,0.0,hot
Kepler-320 c,0.1379,,,0.0,1.04,0.503,-0.092,0.0,6412.0,161.0,-199.0,0.0,hot
Kepler-168 c,0.113,,,0.0,1.04,0.41,-0.41,0.0,6250.0,122.0,-122.0,0.0,hot
HD 106315 b,0.09012,0.00083,-0.00085,0.0,1.18,0.11,-0.11,0.0,6290.0,60.0,-60.0,0.0,hot
WASP-26 b,0.04,0.0003,-0.0003,0.0,1.34,0.06,-0.06,0.0,5950.0,100.0,-100.0,0.0,hot
KELT-2 A b,0.05497,0.00037,-0.00037,0.0,1.828,0.07,-0.034,0.0,6148.0,48.0,-48.0,0.0,hot
TOI-1994 b,0.0613,0.0019,-0.0019,0.0,2.3,0.13,-0.12,0.0,7700.0,720.0,-410.0,0.0,hot
Kepler-1434 b,0.0894,,,0.0,2.062,0.394,-0.525,0.0,6231.0,125.0,-125.0,0.0,hot
Kepler-1129 b,0.1631,,,0.0,1.025,0.404,-0.125,0.0,6240.0,192.0,-229.0,0.0,hot
HATS-36 b,0.05425,0.00043,-0.00043,0.0,1.155,0.039,-0.039,0.0,6149.0,76.0,-76.0,0.0,hot
HD 93963 A b,0.02061,0.0004,-0.0004,0.0,1.0311,0.0176,-0.0169,0.0,5908.0,66.0,-72.0,0.0,hot
Kepler-122 f,0.2903,,,0.0,0.949,0.327,-0.088,0.0,6103.0,143.0,-186.0,0.0,hot
Kepler-350 d,0.1723,,,0.0,1.247,0.571,-0.24,0.0,6217.0,168.0,-195.0,0.0,hot
Kepler-1271 b,0.0423,,,0.0,1.038,0.546,-0.092,0.0,6184.0,155.0,-189.0,0.0,hot
WASP-66 b,0.0546,0.0009,-0.0009,0.0,1.75,0.09,,0.0,6580.0,170.0,,0.0,hot
Kepler-611 b,0.036,,,0.0,0.91,0.29,-0.29,0.0,5916.0,106.0,-106.0,0.0,hot
HD 210277 b,1.13,0.02,-0.02,0.0,1.07,0.01,-0.01,0.0,5538.0,14.0,-14.0,0.0,temperate
Kepler-1636 b,1.12191,0.01165,-0.01165,0.0,1.239,0.091,-0.083,0.0,5726.0,60.0,-60.0,0.0,temperate
HAT-P-13 c,1.188,0.018,-0.033,0.0,1.56,0.08,-0.08,0.0,5653.0,90.0,-90.0,0.0,temperate
WASP-41 c,1.07,0.03,-0.03,0.0,0.87,0.03,-0.03,0.0,5545.0,33.0,-33.0,0.0,temperate
HD 43197 b,0.92,0.01,-0.02,0.0,1.0,0.01,-0.01,0.0,5508.0,46.0,-46.0,0.0,temperate
HD 28185 b,1.02,0.02,-0.02,0.0,1.03,0.01,-0.01,0.0,5662.0,11.0,-11.0,0.0,temperate
HD 92788 b,0.949,0.013,-0.013,0.0,1.161955,0.027366,-0.027366,0.0,5702.25,92.42,-92.42,0.0,temperate
HD 100777 b,1.03,0.03,-0.03,0.0,1.04,0.02,-0.02,0.0,5533.0,3.0,-3.0,0.0,temperate
TOI-4633 c,0.847,0.061,-0.061,0.0,1.05,0.05,-0.05,0.0,5800.0,50.0,-50.0,0.0,temperate
HD 159868 c,1.032,0.064,-0.064,0.0,2.13,,,0.0,5534.0,,,0.0,temperate
HD 108874 b,1.04,0.02,-0.02,0.0,1.05,0.02,-0.02,0.0,5600.0,37.0,-37.0,0.0,temperate
HD 44219 b,1.19,0.02,-0.02,0.0,1.32,0.07,-0.07,0.0,5752.0,16.0,-16.0,0.0,temperate
Kepler-1634 b,1.0525,,,0.0,1.354,0.341,-0.375,0.0,5636.0,171.0,-171.0,0.0,temperate
HD 134987 b,0.81,0.02,-0.02,0.0,1.25,0.04,-0.04,0.0,5585.0,50.0,-50.0,0.0,temperate
HD 154857 b,1.2,0.2,-0.2,0.0,2.27465,0.138611,-0.121852,0.0,5604.56,150.29,-132.28,0.0,temperate
Kepler-849 b,1.1084,,,0.0,1.886,0.351,-0.47,0.0,5858.0,126.0,-110.0,0.0,temperate
Kepler-22 b,0.8489,,,0.0,0.979,0.02,-0.02,0.0,5642.0,50.0,-50.0,0.0,temperate
TOI-2180 b,0.828,0.012,-0.012,0.0,1.636,0.033,-0.029,0.0,5695.0,58.0,-60.0,0.0,temperate
Kepler-452 b,0.994,,,0.0,0.798,0.15,-0.075,0.0,5579.0,150.0,-150.0,0.0,temperate
rho CrB d,0.827,0.011,-0.011,0.0,1.34,0.04,-0.04,0.0,5817.0,24.0,-24.0,0.0,temperate
HD 95544 b,3.386,0.075,-0.077,0.0,1.088,0.072,-0.072,0.0,5722.0,15.0,-15.0,0.0,cold
BD+20 2457 c,2.01,,,0.0,49.0,26.0,-26.0,0.0,4137.0,10.0,-10.0,0.0,cold
HD 156279 c,5.461,0.091,-0.095,0.0,0.966117,0.021775,-0.021775,0.0,5458.24,84.23,-84.23,0.0,cold
HD 204313 b,3.07,0.06,-0.06,0.0,1.1,0.02,-0.02,0.0,5783.0,29.0,-29.0,0.0,cold
HIP 114933 b,2.84,0.09,-0.09,0.0,5.27,0.05,-0.05,0.0,4823.0,59.0,-59.0,0.0,cold
47 UMa d,11.6,2.1,-2.9,0.0,1.21334,0.038883,-0.058353,0.0,5872.0,92.94,-113.53,0.0,cold
HD 211810 b,2.656,0.043,-0.043,0.0,1.13,1.13,-1.13,0.0,5652.0,,,0.0,cold
HD 66428 c,23.0,19.0,-7.6,0.0,1.169119,0.027387,-0.027387,0.0,5647.6,94.33,-94.33,0.0,cold
BD-11 4672 b,2.36,0.04,-0.04,0.0,0.639,0.02,-0.022,0.0,4550.0,110.0,-110.0,0.0,cold
HD 81817 b,3.3,0.1,-0.1,0.0,83.8,7.8,-7.8,0.0,4140.0,55.0,-55.0,0.0,cold
HIP 67537 b,4.91,0.14,-0.13,0.0,8.69,0.88,-0.88,0.0,4985.0,100.0,-100.0,0.0,cold
GJ 849 b,2.32,0.11,-0.13,0.0,0.45,0.07,-0.07,0.0,3467.0,68.0,-68.0,0.0,cold
HD 92788 c,8.26,0.36,-0.28,0.0,1.161955,0.027366,-0.027366,0.0,5702.25,92.42,-92.42,0.0,cold
nu Oph c,6.1,,,0.0,15.1,1.1,,0.0,4928.0,25.0,,0.0,cold
HD 34445 b,2.07,0.02,-0.02,0.0,1.38,0.08,-0.08,0.0,5836.0,44.0,-44.0,0.0,cold
WASP-53 c,3.73,0.16,-0.14,-1.0,0.798,0.023,-0.023,0.0,4953.0,60.0,-60.0,0.0,cold
HD 98649 b,5.6,0.4,-0.4,0.0,1.0,,,0.0,5759.0,35.0,-35.0,0.0,cold
Pr0211 c,5.5,3.0,-1.4,0.0,0.827,0.012,-0.012,0.0,5300.0,30.0,-30.0,0.0,cold
HD 18015 b,3.87,0.32,-0.32,0.0,3.13,,,0.0,5603.0,,,0.0,cold
HD 159868 b,2.32,0.14,-0.14,0.0,2.13,,,0.0,5534.0,,,0.0,cold
HD 33844 c,2.24,0.05,-0.05,0.0,5.29,0.41,-0.41,0.0,4861.0,100.0,-100.0,0.0,cold
HIP 65891 b,2.81,0.09,-0.09,0.0,8.93,1.02,-1.02,0.0,5000.0,100.0,-100.0,0.0,cold
HD 219134 h,3.11,0.04,-0.04,0.0,0.77,0.02,-0.02,0.0,4913.0,,,0.0,cold
HD 213472 b,13.0,5.7,-2.6,0.0,1.433902,0.033486,-0.033486,0.0,5729.54,99.37,-99.37,0.0,cold
HD 152079 b,3.98,0.15,-0.15,0.0,1.15,0.13,-0.13,0.0,5726.0,100.0,-100.0,0.0,cold
GJ 179 b,2.41,0.04,-0.04,0.0,0.38,0.02,-0.02,0.0,3370.0,100.0,-100.0,0.0,cold
HD 202696 c,2.342,0.034,-0.035,0.0,6.43,0.41,-0.39,0.0,5040.0,71.0,-85.0,0.0,cold
BD+49 828 b,4.2,0.32,-0.2,0.0,7.6,1.3,-1.3,0.0,4943.0,30.0,-30.0,0.0,cold
HD 72659 b,4.652,0.067,-0.068,0.0,1.522214,0.035865,-0.035865,0.0,5865.17,103.95,-103.95,0.0,cold
Kepler-56 d,2.16,0.08,-0.08,0.0,4.21799,,,0.0,4819.44,74.95,-74.95,0.0,cold
HD 9174 b,2.2,0.09,-0.09,0.0,1.67,0.07,-0.07,0.0,5577.0,100.0,-100.0,0.0,cold
HD 145934 b,4.73,0.2,-0.21,0.0,6.930587,0.171969,-0.171969,0.0,4823.75,78.09,-78.09,0.0,cold
HD 142245 b,2.78,0.09,-0.09,0.0,4.63,0.16,-0.16,0.0,4922.0,13.0,-13.0,0.0,cold
HD 29399 b,2.012,0.054,-0.054,0.0,4.845,0.082,-0.082,0.0,4845.0,52.0,-52.0,0.0,cold
HD 80869 b,2.878,0.045,-0.046,0.0,1.062,0.042,-0.042,0.0,5837.0,15.0,-15.0,0.0,cold
HD 207832 c,2.112,0.087,-0.045,0.0,0.901,0.056,-0.056,0.0,5710.0,81.0,-81.0,0.0,cold
HD 68988 c,13.2,5.3,-2.0,0.0,1.255733,0.028855,-0.028855,0.0,5883.41,103.85,-103.85,0.0,cold
HIP 5158 c,7.7,1.88,-1.88,0.0,0.754089,0.0527,-0.085993,0.0,4813.0,207.69,-128.99,0.0,cold
HD 113538 c,2.43,0.06,-0.06,0.0,0.65,0.1,-0.1,0.0,4685.0,155.0,-155.0,0.0,cold
HD 238914 b,5.7,0.9,-0.9,0.0,12.73,3.89,-3.89,0.0,4769.0,15.0,-15.0,0.0,cold
HD 142022 A b,2.93,0.07,-0.07,0.0,1.04,0.03,-0.03,0.0,5421.0,77.0,-77.0,0.0,cold
HR 5183 b,25.0,19.0,-8.3,0.0,1.555268,0.036938,-0.036938,0.0,5833.8,99.91,-99.91,0.0,cold
HD 181433 d,3.29347,,,0.0,0.810841,0.067586,-0.048002,0.0,4929.63,127.52,-146.0,0.0,cold
gam Lib c,2.17,0.1,-0.1,0.0,11.1,1.1,-0.3,0.0,4822.0,15.0,-15.0,0.0,cold
HD 145675 c,16.4,9.3,-4.3,0.0,0.995819,0.021652,-0.021652,0.0,5314.94,81.56,-81.56,0.0,cold
HD 171238 b,2.57,0.16,-0.16,0.0,1.01,0.07,-0.07,0.0,5440.0,,,0.0,cold
kap CrB b,2.7,,,0.0,4.83752,,,0.0,4871.0,25.0,-25.0,0.0,cold
TOI-2537 c,2.78,0.22,-0.15,0.0,0.771,0.039,-0.04,0.0,4870.0,150.0,-150.0,0.0,cold
HD 106270 b,4.3,0.4,-0.4,0.0,2.5,0.1,-0.1,0.0,5638.0,44.0,-44.0,0.0,cold
GJ 15 A c,5.4,1.0,-0.9,0.0,0.38,0.05,-0.05,0.0,3607.0,68.0,-68.0,0.0,cold
